name,encoding_time_mean,decoding_time_mean,encoded_size_mean,photo,encoding_time_var,decoding_time_var,encoded_size_var,original_size,compression_ratio,measurement_count
Test__vector-glassy-button-cs-by-dragonart.ppm.ppm,1389.3333333333333,60.333333333333336,571674,False,8.222222222222223,1.5555555555555554,0,3000017,5.247775830280895,3
Test__vector-music-melody-preview_PNGOUT.ppm.ppm,331.6666666666667,30,166238,False,108.22222222222221,2.6666666666666665,0,732123,4.404065255838016,3
Test_01-03_rouders_PNGOUT.ppm.ppm,83.33333333333333,17.333333333333332,31355,False,11.555555555555555,0.8888888888888888,0,378015,12.05597193430075,3
Test_01PNG-PNGOUTWin_PNGOUT.ppm.ppm,2604,90.33333333333333,530316,False,6,11.555555555555555,0,14066800,26.52531698081898,3
Test_02_Schluesselfelder_Schiff-PNG.ppm.ppm,258,37,173488,True,160.66666666666666,8,0,750015,4.323152033570045,3
Test_02PNG-PNGOUTWin.ppm.ppm,2729.3333333333335,92.33333333333333,1418797,False,54.88888888888889,5.5555555555555545,0,4572449,3.2227647788936684,3
Test_03PNG-PNGOUTWin.ppm.ppm,8605.666666666666,209,3960876,False,96.8888888888889,0,0,15573905,3.9319345013577807,3
Test_20_petra_cold_landscape.png.ppm,1296,51,793246,True,18,24,0,2359312,2.9742501065243316,3
Test_20080227053020!Myoglobin_PNGOUT.ppm.ppm,425,55,134958,False,88.66666666666667,500.6666666666667,0,1318575,9.770261859245098,3
Test_248080202_731e632c11_o.png.ppm,194.66666666666666,27.333333333333332,57856,False,10.888888888888891,0.8888888888888888,0,750015,12.963478290929203,3
Test_275000.ppm.ppm,413.6666666666667,44,195233,True,57.555555555555564,8,0,1064355,5.451716666752035,3
Test_275001.ppm.ppm,414,44.666666666666664,208168,True,24.666666666666668,1.5555555555555554,0,1065615,5.119014449867414,3
Test_275002.ppm.ppm,465.3333333333333,37,235328,True,84.22222222222221,6,0,1083375,4.603680819961926,3
Test_275003.ppm.ppm,409.3333333333333,37.333333333333336,197288,True,9.555555555555557,6.888888888888889,0,1087815,5.51384270710839,3
Test_275004.ppm.ppm,385.6666666666667,37.333333333333336,185151,True,180.2222222222222,1.5555555555555554,0,1084875,5.859406646466938,3
Test_275005.ppm.ppm,382.6666666666667,38.666666666666664,186881,True,43.55555555555555,26.88888888888889,0,1070055,5.725862982325651,3
Test_275006.ppm.ppm,380,41.666666666666664,163013,True,0.6666666666666666,27.555555555555557,0,1083375,6.645942348156282,3
Test_275007.ppm.ppm,383.3333333333333,39,170602,True,43.55555555555555,34.666666666666664,0,1072947,6.289181838430968,3
Test_275008.ppm.ppm,376.6666666666667,43.333333333333336,172326,True,30.88888888888889,14.888888888888891,0,1090755,6.329602033355385,3
Test_275009.ppm.ppm,420.3333333333333,44,226719,True,17.555555555555557,6,0,1070187,4.720323395921824,3
Test_2mpampjjpg.png.ppm,1250.3333333333333,45,689808,False,24.222222222222218,4.666666666666667,0,2218000,3.215387470136618,3
Test_354000.ppm.ppm,463.6666666666667,41,274946,True,21.555555555555557,10.666666666666666,0,1080447,3.9296698260749383,3
Test_354001.ppm.ppm,533.3333333333334,40,283069,True,6.222222222222221,50,0,1081935,3.8221599680643235,3
Test_354002.ppm.ppm,512.6666666666666,50.666666666666664,293804,True,2.8888888888888893,3.5555555555555554,0,1086351,3.697536452873344,3
Test_354003.ppm.ppm,570.6666666666666,51.333333333333336,306530,True,10.888888888888888,149.55555555555557,0,1086303,3.54387172544286,3
Test_354004.ppm.ppm,526.3333333333334,40.666666666666664,274675,True,24.222222222222218,44.22222222222223,0,1071591,3.9013051788477293,3
Test_354005.ppm.ppm,465,43.333333333333336,269967,True,10.666666666666666,2.888888888888889,0,1061379,3.931513851692985,3
Test_354006.ppm.ppm,492.6666666666667,40.333333333333336,264011,True,89.55555555555554,24.88888888888889,0,1080447,4.092431754737492,3
Test_354007.ppm.ppm,543,39,322997,True,60.666666666666664,18,0,1077519,3.3360031207720198,3
Test_354008.ppm.ppm,556,43,317778,True,116.66666666666667,32.666666666666664,0,1074591,3.381577705190416,3
Test_354009.ppm.ppm,516.6666666666666,44,282439,True,72.22222222222223,42,0,1077519,3.8150503294516693,3
Test_384001.ppm.ppm,438.6666666666667,36.666666666666664,242857,True,22.88888888888889,27.555555555555557,0,1068735,4.4006761180447755,3
Test_384002.ppm.ppm,496.6666666666667,44,262600,True,34.88888888888889,26,0,1071663,4.080971058644326,3
Test_384003.ppm.ppm,469.6666666666667,37,249104,True,0.888888888888889,18,0,1087815,4.366911009056459,3
Test_384004.ppm.ppm,545,44.666666666666664,316868,True,4.666666666666667,64.22222222222221,0,1179663,3.722884608101796,3
Test_384006.ppm.ppm,457.6666666666667,44.333333333333336,258599,True,4.222222222222222,40.22222222222222,0,1078911,4.172139103399472,3
Test_384007.ppm.ppm,562.6666666666666,47.666666666666664,304947,True,124.22222222222223,30.88888888888889,0,1064355,3.490295034874913,3
Test_384009.ppm.ppm,566,40.333333333333336,312346,True,50,14.888888888888891,0,1081935,3.463899009431848,3
Test_384010.ppm.ppm,502.3333333333333,43,276466,True,37.55555555555556,38,0,1067163,3.8600153364247323,3
Test_384010-2.ppm.ppm,421.6666666666667,42.666666666666664,272949,True,105.55555555555554,0.888888888888889,0,737295,2.701218909026961,3
Test_384011.ppm.ppm,483,41,284036,True,66.66666666666667,18,0,1059951,3.7317487924065964,3
Test_500px-Roadmap_to_Unicode_BMP_de.svg.png.ppm,132.66666666666666,24,37741,False,11.555555555555557,0,0,468015,12.400704803794282,3
Test_618px-Speed1c.ppm.ppm,614.3333333333334,42,306105,False,46.88888888888889,14,0,1112415,3.6340961434801784,3
Test_800px-0849_pilar_ebro_2004.ppm.ppm,430,38.333333333333336,205652,True,12.666666666666666,5.5555555555555545,0,1176015,5.718471009277809,3
Test_Alexandra+Burke+SUPER+HQ++PNG.ppm.ppm,374,38.666666666666664,204483,True,60.666666666666664,8.222222222222223,0,795015,3.887927113745397,3
Test_architecture-5ao.ppm.ppm,2759.6666666666665,61,1277828,True,6.222222222222222,2,0,3961816,3.1004297918029655,3
Test_architecture-7q7.ppm.ppm,2139,61.666666666666664,1340644,True,26,4.222222222222222,0,3961816,2.955158863948968,3
Test_artificial8_full_PNGOUT.ppm.ppm,4442.666666666667,154,704018,False,278.2222222222222,14,0,18874385,26.80952049521461,3
Test_Ashton_landscape.png.ppm,938.3333333333334,47.666666666666664,456140,True,38.22222222222223,6.222222222222222,0,2359312,5.172341824878327,3
Test_aspens.ppm.ppm,243,23,123900,True,0,0,0,968775,7.8190072639225185,3
Test_auto1.ppm.ppm,840,38,563709,True,18.666666666666668,8.666666666666666,0,1440015,2.5545361170391105,3
Test_balloon.ppm.ppm,490.6666666666667,38.333333333333336,410091,True,54.888888888888886,22.88888888888889,0,740367,1.8053724661111803,3
Test_barbara_PNGOUT.ppm.ppm,685.3333333333334,37.666666666666664,362203,True,10.888888888888888,0.22222222222222224,0,1244175,3.435021244992449,3
Test_barbara2_PNGOUT.ppm.ppm,706.6666666666666,43.666666666666664,389639,True,42.88888888888889,4.222222222222222,0,1244175,3.193148016497322,3
Test_battery-6rc0.ppm.ppm,2199.6666666666665,55.666666666666664,1234088,True,22.222222222222225,20.222222222222225,0,3961816,3.2103188751531495,3
Test_beach1.ppm.ppm,484.3333333333333,39.333333333333336,395065,True,8.222222222222223,17.555555555555557,0,740367,1.8740384493690911,3
Test_beach2.ppm.ppm,456.3333333333333,55,365350,True,10.888888888888891,266,0,740367,2.026459559326673,3
Test_bear.ppm.ppm,154.33333333333334,26.333333333333332,64089,True,9.555555555555555,1.5555555555555554,0,332583,5.189392875532462,3
Test_BigBuckBunny-Landscape.png.ppm,2304.3333333333335,65.33333333333333,925141,False,0.888888888888889,6.888888888888888,0,5760017,6.226096346394765,3
Test_bike.rgb_PNGOUT.ppm.ppm,11306.333333333334,220,5488666,True,382.8888888888889,2,0,15728657,2.865661164297481,3
Test_bike3.ppm.ppm,1566.6666666666667,58,1054228,True,113.55555555555556,2,0,2148135,2.037637968257341,3
Test_black.ppm.ppm,655,43.666666666666664,314359,True,64.66666666666667,16.88888888888889,0,1244175,3.9578157456920273,3
Test_BlockMap_Photoshop_PNGOUT.ppm.ppm,5664.666666666667,144,3170419,True,174.8888888888889,6,0,8631497,2.722509863838187,3
Test_BML_CAT_Chartres_03k_PNGOUT.ppm.ppm,827.3333333333334,48,425592,False,40.22222222222223,24.666666666666668,0,1555863,3.6557618564258725,3
Test_boots_PNGOUT.ppm.ppm,1337.3333333333333,61.333333333333336,532226,False,13.555555555555557,4.222222222222222,0,2608132,4.90042200117995,3
Test_Bretagne2.ppm.ppm,7974,197.66666666666666,3163660,True,158,1.5555555555555556,0,15116561,4.778187605494901,3
Test_brick.ppm.ppm,8013,216.66666666666666,3056696,True,392,9.555555555555555,0,15116561,4.945392345198869,3
Test_bullfight.ppm.ppm,142.33333333333334,26.666666666666668,83446,True,0.8888888888888888,1.5555555555555554,0,294927,3.534345564796395,3
Test_BumbleBee_HedKase.ppm.ppm,6904.666666666667,421,346364,False,956.2222222222222,0.6666666666666666,0,58320017,168.37782506265086,3
Test_cafe.rgb.ppm.ppm,12747,260.6666666666667,7026346,True,840.6666666666666,2.888888888888889,0,15728657,2.238525828360858,3
Test_captured_Image-png_4d60c4b0-7133-4ef8-bbe0-be0e27b0bf29_PNGOUT.ppm.ppm,373,36,224406,False,44.666666666666664,32,0,744015,3.315486216946071,3
Test_carpets-j4h.ppm.ppm,3871.6666666666665,60,1382011,True,157.55555555555554,2,0,3961816,2.8667036658897795,3
Test_cathedral.ppm.ppm,11677,225.33333333333334,4977206,True,96,10.888888888888888,0,18048017,3.62613422068526,3
Test_cement.ppm.ppm,7177.666666666667,223.66666666666666,2697162,True,22.888888888888886,16.222222222222218,0,15116561,5.6046173718894154,3
Test_Cevennes1.ppm.ppm,8488,185.33333333333334,3688514,True,152.66666666666666,2.8888888888888893,0,15116561,4.0982794155044555,3
Test_Cevennes2.ppm.ppm,350.3333333333333,35,161748,True,0.22222222222222224,2,0,921615,5.697844795607983,3
Test_Chart_pulinco_PNGOUT.ppm.ppm,685.6666666666666,41,169339,False,49.555555555555564,4.666666666666667,0,2423536,14.311741536208434,3
Test_chart2_PNGOUT.ppm.ppm,465,25,12189,False,4.666666666666667,0.6666666666666666,0,2024475,166.09032734432685,3
Test_ChartBuilder_PNGOUT.ppm.ppm,301.6666666666667,27.666666666666668,55655,False,50.888888888888886,2.8888888888888893,0,1727523,31.03985266373192,3
Test_chinook.ppm.ppm,334.3333333333333,36,102622,True,152.88888888888889,0,0,1179663,11.495225195377209,3
Test_ciudad-2_0.png.ppm,320.6666666666667,23.333333333333332,121273,False,1.5555555555555554,0.8888888888888888,0,1491855,12.30162525871381,3
Test_coffee2-216x300.png.ppm,95,22,42933,False,0,0.6666666666666666,0,194415,4.528334847320243,3
Test_colours-10.ppm.ppm,2226.3333333333335,62,1420300,True,72.22222222222221,2,0,3961816,2.7894219531084983,3
Test_colours-an5.ppm.ppm,3024.3333333333335,60.333333333333336,1489168,True,150.88888888888889,6.222222222222222,0,3961816,2.6604224640873295,3
Test_computer-301.ppm.ppm,2187,59,1215380,True,12.666666666666666,40.666666666666664,0,3961816,3.259734404054699,3
Test_computer-309.ppm.ppm,2817,58.666666666666664,1573487,True,88.66666666666667,24.222222222222225,0,3961816,2.5178574719714875,3
Test_Cone-response.ppm.ppm,89.66666666666667,16,7645,False,1.5555555555555556,0,0,570915,74.67822105951602,3
Test_construction-06.ppm.ppm,3434,59.666666666666664,1163106,True,146,8.222222222222221,0,3978856,3.4208885518602776,3
Test_construction-g6vr.ppm.ppm,4153.333333333333,61.333333333333336,1438041,True,461.5555555555555,8.222222222222221,0,3961816,2.755009071368619,3
Test_construction-w7xq.ppm.ppm,2163.6666666666665,61.666666666666664,1646969,True,8.222222222222223,8.222222222222223,0,3961816,2.4055194724369433,3
Test_corn-j7z2.ppm.ppm,2522.3333333333335,71,1459839,True,29.555555555555557,0.6666666666666666,0,4004416,2.743053172301877,3
Test_couple.ppm.ppm,131.33333333333334,26,86117,True,37.55555555555555,0,0,196623,2.283207729019822,3
Test_cover07_img10.png.ppm,940,57.333333333333336,361215,False,52.666666666666664,3.5555555555555554,0,3145745,8.708788394723364,3
Test_crowd-people-g3ky.ppm.ppm,2661.3333333333335,61.333333333333336,1294723,True,57.555555555555564,22.222222222222225,0,3961816,3.059971901325612,3
Test_cubeiccp_PNGOUT.ppm.ppm,110,18.333333333333332,1790,False,0.6666666666666666,4.222222222222222,0,720015,402.24301675977654,3
Test_cwheel.ppm.ppm,442.3333333333333,37,149294,False,187.55555555555554,0,0,1440015,9.645498144600587,3
Test_DarkWorld.ppm.ppm,9744,454.6666666666667,1764366,False,56,6.222222222222222,0,50331665,28.52677108944516,3
Test_demos_explorer_PNGOUT.ppm.ppm,766.6666666666666,49.333333333333336,249675,False,0.2222222222222222,0.888888888888889,0,2376232,9.51730049063783,3
Test_demos_gift-demo_PNGOUT.ppm.ppm,734.3333333333334,40,243591,False,20.22222222222222,2,0,2326984,9.552832411706508,3
Test_Desert_landscape.png.ppm,898,44,421659,True,0.6666666666666666,8.666666666666666,0,2359312,5.595308056984435,3
Test_dev.ppm.ppm,422,44.333333333333336,76964,False,38,6.888888888888888,0,1483215,19.271542539369054,3
Test_diabolik_001.png.ppm,61.666666666666664,15.666666666666666,25619,False,1.5555555555555554,0.2222222222222222,0,241935,9.443577032671065,3
Test_diabolik_002.png.ppm,331.6666666666667,35.666666666666664,114742,False,49.555555555555564,1.5555555555555554,0,1113615,9.705382510327517,3
Test_Diabolik_animato.png.ppm,272.3333333333333,35.333333333333336,86127,False,24.222222222222225,4.222222222222222,0,827619,9.609286286530356,3
Test_didle_PNGOUT.ppm.ppm,701.6666666666666,39.333333333333336,275505,False,1.5555555555555556,6.888888888888888,0,2124015,7.709533402297599,3
Test_disneyBMP.png.ppm,1237,48.333333333333336,693845,False,122,14.888888888888891,0,2359312,3.400344457335572,3
Test_door-e5f8.ppm.ppm,2147,70.66666666666667,1412309,True,114,0.2222222222222222,0,3987376,2.8233028324538045,3
Test_dumper.png.ppm,54.666666666666664,15.666666666666666,11480,False,0.888888888888889,0.2222222222222222,0,287883,25.07691637630662,3
Test_eagle.ppm.ppm,85.66666666666667,19.666666666666668,53442,True,21.555555555555554,2.8888888888888893,0,139887,2.617547995958235,3
Test_ecb_berlin_07t.png.ppm,1168,49.666666666666664,698959,False,0,4.222222222222222,0,2219800,3.1758658233172476,3
Test_ecb_ny_89t.png.ppm,1116,46.666666666666664,612684,False,26,2.888888888888889,0,2213668,3.613066442081073,3
Test_ecb-assembler-17t-1.png.ppm,583.6666666666666,39.666666666666664,184679,False,0.2222222222222222,1.5555555555555554,0,3302416,17.881924853394267,3
Test_europa_karte_de_PNGOUT.ppm.ppm,499,38.333333333333336,62196,False,2.6666666666666665,6.222222222222221,0,3600017,57.88180911955753,3
Test_Facade.ppm.ppm,8616,183,4717955,True,494,4.666666666666667,0,11988017,2.5409350025593715,3
Test_face1.ppm.ppm,772,38.666666666666664,441519,True,26,2.888888888888889,0,1440015,3.261501770025752,3
Test_Farbkreis_Itten_1961.png.ppm,74.66666666666667,15,9150,False,5.5555555555555545,0.6666666666666666,0,346815,37.90327868852459,3
Test_favicons_large_PNGOUT.ppm.ppm,740.3333333333334,42,330315,False,36.22222222222222,20.666666666666668,0,1564287,4.735743154261841,3
Test_flaggen_580x2500_PNGOUT.ppm.ppm,157.66666666666666,31.666666666666668,38077,False,206.8888888888889,2.8888888888888893,0,554511,14.562885731543977,3
Test_flowers-k5cq.ppm.ppm,2701.3333333333335,65,1189312,True,299.55555555555554,0.6666666666666666,0,3961816,3.3311830705483505,3
Test_flowers-y02o.ppm.ppm,4392,61.666666666666664,1404143,True,294,16.222222222222225,0,3961816,2.8215188908821967,3
Test_fragerance1.png.ppm,412,66.33333333333333,232303,False,52.666666666666664,470.88888888888886,0,981927,4.22692345772547,3
Test_FRD-Bonn-20s-882x623.ppm.ppm,990.3333333333334,50,586065,False,62.88888888888889,8,0,1645827,2.8082670011005604,3
Test_Gem-BMP_1000.png.ppm,161.33333333333334,27.333333333333332,80367,True,0.22222222222222224,0.8888888888888888,0,295215,3.6733360707753184,3
Test_gg.ppm.ppm,462.6666666666667,45.666666666666664,248321,True,22.88888888888889,6.888888888888888,0,921615,3.7113856661337543,3
Test_girl.ppm.ppm,387.3333333333333,45.666666666666664,293603,True,46.22222222222223,67.55555555555556,0,786447,2.6786068262245277,3
Test_girl1.ppm.ppm,136.33333333333334,25.666666666666668,92473,True,10.888888888888891,0.22222222222222224,0,196623,2.1262746963978674,3
Test_grey-leaves-1g7u_small.ppm.ppm,39.333333333333336,12.666666666666666,21314,True,0.22222222222222224,0.2222222222222222,0,62655,2.939617153044947,3
Test_Hangeul.ppm.ppm,114.66666666666667,19,11738,False,28.222222222222218,0.6666666666666666,0,622215,53.008604532288295,3
Test_happybirds.ppm.ppm,199,28.333333333333332,63229,False,8.666666666666666,22.222222222222218,0,561399,8.878821426876907,3
Test_home3.ppm.ppm,791,39.666666666666664,528307,True,50,2.888888888888889,0,1440015,2.725716297531549,3
Test_home4.ppm.ppm,810.6666666666666,40.333333333333336,518080,True,4.222222222222222,0.22222222222222224,0,1440015,2.779522467572576,3
Test_hp3.ppm.ppm,210,36.333333333333336,37278,False,74.66666666666667,1.5555555555555554,0,786447,21.096813133751812,3
Test_im1.ppm.ppm,120,25,76912,True,8.666666666666666,0.6666666666666666,0,196623,2.5564671312669023,3
Test_im10.ppm.ppm,121.66666666666667,25.666666666666668,70717,True,1.5555555555555556,0.22222222222222224,0,196623,2.780420549514261,3
Test_im12.ppm.ppm,116.33333333333333,25.666666666666668,61533,True,29.555555555555554,0.8888888888888888,0,196623,3.195407342401638,3
Test_im14.ppm.ppm,124,27,76797,True,2,0.6666666666666666,0,196623,2.5602953240360953,3
Test_im15.ppm.ppm,120,25.666666666666668,70163,True,32,0.22222222222222224,0,196623,2.8023744708749625,3
Test_im19.ppm.ppm,110,26.333333333333332,65114,True,0.6666666666666666,0.22222222222222224,0,196623,3.0196731885615997,3
Test_im2.ppm.ppm,116.33333333333333,25,73881,True,0.2222222222222222,0,0,196623,2.6613473017419906,3
Test_im20.ppm.ppm,119,27,76427,True,0.6666666666666666,2,0,196623,2.5726902796132256,3
Test_im3.ppm.ppm,121,26,74156,True,0,0,0,196623,2.6514779653703004,3
Test_im4.ppm.ppm,120.66666666666667,25.333333333333332,77482,True,0.2222222222222222,1.5555555555555554,0,196623,2.537660359825508,3
Test_im5.ppm.ppm,127.66666666666667,26.333333333333332,91332,True,1.5555555555555556,0.8888888888888888,0,196623,2.152837997635002,3
Test_im6.ppm.ppm,126,25.333333333333332,85486,True,0.6666666666666666,0.22222222222222224,0,196623,2.300060828673701,3
Test_im7.ppm.ppm,123.66666666666667,24.333333333333332,85866,True,1.5555555555555556,0.22222222222222224,0,196623,2.289881909021033,3
Test_im8.ppm.ppm,137.66666666666666,27.666666666666668,97621,True,1.5555555555555556,2.8888888888888893,0,196623,2.014146546337366,3
Test_ImageConverter.png.ppm,533.6666666666666,38.666666666666664,128919,False,24.222222222222218,9.555555555555555,0,2160016,16.754830552517472,3
Test_ImageConverter_1.png.ppm,562,38,215404,False,50.666666666666664,2,0,2160016,10.027743217396148,3
Test_img-icons-a-png-official-macosx-leopard-icon-pack-daddy77-17777.ppm.ppm,1288.3333333333333,60.333333333333336,429436,False,38.22222222222222,6.888888888888888,0,3783461,8.810302350059148,3
Test_index_abc.png.ppm,1851.6666666666667,99.33333333333333,330858,False,57.55555555555555,21.555555555555557,0,7499357,22.666391624201317,3
Test_Jupiter_Earth_Comparison.ppm.ppm,401.6666666666667,37,115635,True,72.22222222222221,12.666666666666666,0,1440015,12.453106758334414,3
Test_k01.ppm.ppm,11147.333333333334,248,4495447,True,2347.555555555555,2.6666666666666665,0,18874385,4.198555783217998,3
Test_k02.ppm.ppm,12100.333333333334,227.33333333333334,5128890,True,1144.222222222222,10.888888888888891,0,18874385,3.6800136091824935,3
Test_k03.ppm.ppm,9195,202.66666666666666,4034169,True,232.66666666666666,20.222222222222218,0,18874385,4.678630220994708,3
Test_k04.ppm.ppm,11001.333333333334,230.33333333333334,4160574,True,161.55555555555557,1.5555555555555556,0,18874385,4.536485831041582,3
Test_k05.ppm.ppm,34571.333333333336,253.66666666666666,4264985,True,17005.555555555555,10.888888888888888,0,18874385,4.42542822542166,3
Test_k06.ppm.ppm,9369.666666666666,217,3984633,True,53.55555555555555,6,0,18874385,4.736793827687518,3
Test_k07.ppm.ppm,8968.666666666666,213.66666666666666,3849483,True,1382.8888888888887,6.222222222222222,0,18874385,4.903096078096721,3
Test_k08.ppm.ppm,12395,220,5770240,True,3038,14,0,18874385,3.270987861856699,3
Test_k09.ppm.ppm,11154.333333333334,239,4750674,True,869.5555555555555,26,0,18874385,3.972990990331056,3
Test_k10.ppm.ppm,11485.666666666666,266.6666666666667,4747975,True,134.8888888888889,44.22222222222223,0,18874385,3.9752494484490755,3
Test_k11.ppm.ppm,32353.333333333332,207.66666666666666,4475395,True,6889.555555555555,17.555555555555554,0,18874385,4.2173674055586154,3
Test_k12.ppm.ppm,8777.666666666666,250.33333333333334,3474216,True,32.888888888888886,6.222222222222222,0,18874385,5.4327033782585765,3
Test_k13.ppm.ppm,12121.333333333334,218,5202490,True,1950.8888888888887,4.666666666666667,0,18874385,3.627952192123387,3
Test_k14.ppm.ppm,9747.666666666666,216,4048714,True,80.88888888888889,32,0,18874385,4.661822247755707,3
Test_k15.ppm.ppm,9574,212,3607142,True,416.6666666666667,18.666666666666668,0,18874385,5.232504015644518,3
Test_k16.ppm.ppm,9145.666666666666,254.66666666666666,3768428,True,406.8888888888889,76.22222222222221,0,18874385,5.008556618303441,3
Test_k17.ppm.ppm,9970,217.33333333333334,4991947,True,2528.6666666666665,22.888888888888886,0,18874385,3.780966624845977,3
Test_k18.ppm.ppm,13641,228.33333333333334,5871398,True,884.6666666666666,68.22222222222221,0,18874385,3.2146321881092033,3
Test_k19.ppm.ppm,11185,267.6666666666667,4457014,True,2072.6666666666665,38.22222222222222,0,18874385,4.234760088256397,3
Test_k20.ppm.ppm,44535,212,4457980,True,805028.6666666666,4.666666666666667,0,18874385,4.233842457794786,3
Test_k21.ppm.ppm,11937.333333333334,213.66666666666666,5154251,True,3753.555555555555,0.22222222222222224,0,18874385,3.6619064535273895,3
Test_k22.ppm.ppm,11303,221,4729820,True,1748.6666666666667,4.666666666666667,0,18874385,3.9905080954454926,3
Test_k23.ppm.ppm,9420.333333333334,243.33333333333334,3870421,True,1164.222222222222,44.22222222222222,0,18874385,4.876571566762375,3
Test_k24.ppm.ppm,9592.333333333334,258.6666666666667,3804426,True,494.22222222222223,3.5555555555555554,0,18874385,4.961164969432971,3
Test_kbm-oslocentralxmas-34t.png.ppm,354,30.333333333333332,151851,False,528.6666666666666,6.888888888888889,0,1017928,6.70346589749162,3
Test_keyboard.png.ppm,230.33333333333334,25,40548,False,1.5555555555555554,2,0,1229775,30.328869488014206,3
Test_kodim01.ppm.ppm,593.6666666666666,48.333333333333336,310666,True,89.55555555555556,44.22222222222223,0,1179663,3.797206646366194,3
Test_kodim02.ppm.ppm,596,45.666666666666664,284715,True,54,44.22222222222223,0,1179663,4.143311732785417,3
Test_kodim03.ppm.ppm,482.3333333333333,53.666666666666664,232072,True,124.22222222222221,8.222222222222223,0,1179663,5.083176772725706,3
Test_kodim04.ppm.ppm,539.6666666666666,45.666666666666664,280658,True,110.22222222222223,0.22222222222222224,0,1179663,4.203204612018898,3
Test_kodim05.ppm.ppm,584.6666666666666,44.333333333333336,341285,True,116.22222222222223,14.888888888888891,0,1179663,3.4565333958421847,3
Test_kodim06.ppm.ppm,569.3333333333334,45,298887,True,176.88888888888889,60.666666666666664,0,1179663,3.9468528239769545,3
Test_kodim07.ppm.ppm,475,39,224278,True,60.666666666666664,2.6666666666666665,0,1179663,5.259824860218123,3
Test_kodim08.ppm.ppm,593.3333333333334,44.333333333333336,336532,True,3.555555555555556,46.88888888888889,0,1179663,3.5053516456087386,3
Test_kodim09.ppm.ppm,498,39.666666666666664,237357,True,18,8.222222222222221,0,1179663,4.9699945651487,3
Test_kodim10.ppm.ppm,517.3333333333334,37.666666666666664,249427,True,6.888888888888888,4.222222222222222,0,1179663,4.729491995654039,3
Test_kodim11.ppm.ppm,553,48.666666666666664,293482,True,4.666666666666667,8.222222222222223,0,1179663,4.019541232511704,3
Test_kodim12.ppm.ppm,472.3333333333333,44.333333333333336,244610,True,57.555555555555564,54.88888888888889,0,1179663,4.8226278565880385,3
Test_kodim13.ppm.ppm,578,48.666666666666664,371454,True,48.666666666666664,26.88888888888889,0,1179663,3.17579834918994,3
Test_kodim14.ppm.ppm,583.6666666666666,41.666666666666664,316094,True,11.555555555555555,9.555555555555557,0,1179663,3.73200060741425,3
Test_kodim15.ppm.ppm,560,43.666666666666664,283114,True,164.66666666666666,34.88888888888889,0,1179663,4.166742019115975,3
Test_kodim16.ppm.ppm,470.3333333333333,51.666666666666664,247934,True,46.88888888888889,10.888888888888891,0,1179663,4.757971879613123,3
Test_kodim17.ppm.ppm,537,39,261330,True,40.666666666666664,24.666666666666668,0,1179663,4.514074159109172,3
Test_kodim18.ppm.ppm,578.3333333333334,46.333333333333336,346678,True,186.8888888888889,2.888888888888889,0,1179663,3.4027627942932637,3
Test_kodim19.ppm.ppm,546,43.333333333333336,273359,True,60.666666666666664,1.5555555555555554,0,1179663,4.315435014029171,3
Test_kodim20.ppm.ppm,496,42,233589,True,38,0.6666666666666666,0,1179663,5.0501650334561985,3
Test_kodim21.ppm.ppm,568.6666666666666,42.333333333333336,308578,True,230.22222222222226,14.222222222222223,0,1179663,3.8229005308220287,3
Test_kodim22.ppm.ppm,575.3333333333334,47,326988,True,16.88888888888889,38,0,1179663,3.6076645014495945,3
Test_kodim23.ppm.ppm,557,47,257688,True,2,38,0,1179663,4.577873242060166,3
Test_kodim24.ppm.ppm,615.3333333333334,50.666666666666664,305332,True,16.88888888888889,48.22222222222223,0,1179663,3.8635419805326663,3
Test_krb-insertpostersanta-07t.png.ppm,105,19.666666666666668,32912,False,0.6666666666666666,0.8888888888888888,0,554511,16.84829241614001,3
Test_Lady+Gaga+PNG.ppm.ppm,382.6666666666667,39.333333333333336,142436,True,20.222222222222225,20.222222222222225,0,1203015,8.446003819259175,3
Test_ladybug_landscape.png.ppm,622.3333333333334,42.333333333333336,40175,False,138.88888888888889,4.222222222222222,0,3932177,97.87621655258245,3
Test_lake1.ppm.ppm,7069.333333333333,210.66666666666666,2892603,True,27.555555555555554,48.22222222222222,0,15116561,5.225936984784984,3
Test_Landscape.png.ppm,573,39.666666666666664,3084,False,88.66666666666667,1.5555555555555554,0,4680016,1517.514915693904,3
Test_Landscape_002.png.ppm,636.3333333333334,46.666666666666664,203589,False,38.88888888888889,20.222222222222225,0,2869132,14.092765326220965,3
Test_Landscape_Full_HD_by_depARTed89.png.ppm,2990,84,1374526,False,48.666666666666664,18.666666666666668,0,6220817,4.525790708942574,3
Test_langfristchart_historischer_chart_orangensaft_PNGOUT.ppm.ppm,143.33333333333334,22,8146,False,0.22222222222222224,0.6666666666666666,0,1035195,127.08016204272036,3
Test_lawn-v6h3.ppm.ppm,2587.6666666666665,71.33333333333333,1700750,True,40.22222222222222,28.222222222222218,0,3961816,2.3294523004556815,3
Test_leaves-12.ppm.ppm,3212,58.666666666666664,1251029,True,114,1.5555555555555554,0,3961816,3.1668458524942267,3
Test_leaves-6n3y.ppm.ppm,2997,67.66666666666667,1274524,True,98,1.5555555555555556,0,3961816,3.1084671610734675,3
Test_leaves-kijj7.ppm.ppm,2171.6666666666665,67,1389941,True,76.22222222222221,2.6666666666666665,0,3961816,2.8503483241374994,3
Test_leaves-mval_small.ppm.ppm,44.666666666666664,12.666666666666666,25447,True,0.22222222222222224,0.2222222222222222,0,62655,2.462176287971077,3
Test_light_world-1_PNGOUT.ppm.ppm,11012,449.6666666666667,1556115,False,48.666666666666664,8.222222222222223,0,50331665,32.34443791107984,3
Test_Logo_3.png.ppm,179.33333333333334,25,48077,False,122.88888888888887,0.6666666666666666,0,439695,9.145641366973813,3
Test_lunar-lander.ppm.ppm,188.66666666666666,28.333333333333332,68647,True,16.88888888888889,22.888888888888886,0,525615,7.656780340000291,3
Test_macro-765.ppm.ppm,2680.3333333333335,67,1113382,True,97.55555555555554,8,0,3961816,3.558361820112055,3
Test_Map_118230550922074.ppm.ppm,830,45.333333333333336,429622,False,26,2.888888888888889,0,1796955,4.18264195036567,3
Test_map_vicinity.png.ppm,431.3333333333333,31.333333333333332,46517,False,48.22222222222223,0.22222222222222224,0,2121615,45.609454607992774,3
Test_mcn-cokedublin-43s.png.ppm,3200.3333333333335,143,600773,False,8.222222222222221,24.666666666666668,0,15517493,25.82921169892788,3
Test_mediothek_landscape.png.ppm,859,46.666666666666664,218644,False,194,21.555555555555557,0,3084508,14.10744406432374,3
Test_meditate_fel_PNGOUT.ppm.ppm,3316,151.33333333333334,526591,False,24.666666666666668,0.22222222222222224,0,20232017,38.42074209395907,3
Test_Merian-PNG.png.ppm,357.6666666666667,38,206801,False,20.222222222222225,18,0,824415,3.986513604866514,3
Test_Michelangelo_David.ppm.ppm,659.3333333333334,40.333333333333336,457225,True,24.88888888888889,1.5555555555555554,0,1018383,2.227312592268577,3
Test_misc-09.ppm.ppm,2971.3333333333335,62,1295983,True,206.88888888888889,2,0,3961816,3.056996889619694,3
Test_MMSposter-large.png.ppm,30614.666666666668,780.6666666666666,7513211,True,41497.555555555555,17.555555555555554,0,100980017,13.440327577649557,3
Test_night-379.ppm.ppm,2260,55,1171610,True,64.66666666666667,2,0,3961816,3.3815143264396856,3
Test_noir-diabolik-guitar-hommess_design.png.ppm,130.66666666666666,27.333333333333332,45350,False,0.8888888888888888,4.222222222222222,0,428667,9.452414553472988,3
Test_Nukleationskern_Fluessigkeit.ppm.ppm,2089.3333333333335,89.33333333333333,542793,False,5.5555555555555545,8.222222222222221,0,6750017,12.435711219562522,3
Test_Oblivion2007101513345379.png.ppm,1226.6666666666667,54,596941,False,66.88888888888889,12.666666666666666,0,2359312,3.9523369981287932,3
Test_Oblivion2007101714023034.png.ppm,940.6666666666666,59.666666666666664,465629,False,37.55555555555555,16.88888888888889,0,2359312,5.066935263911827,3
Test_Oblivion2007101714024170.png.ppm,1195.3333333333333,57.333333333333336,565229,False,62.888888888888886,24.222222222222225,0,2359312,4.1740816553998465,3
Test_Oblivion2007101714040018.png.ppm,875,59,418463,False,12.666666666666666,14,0,2359312,5.638042073014819,3
Test_o-png24_PNGOUT.ppm.ppm,300.6666666666667,37,219283,True,17.555555555555557,18.666666666666668,0,480015,2.189020580710771,3
Test_orm-makeposter2008-14t.png.ppm,371.6666666666667,28,93884,False,0.22222222222222224,2.6666666666666665,0,1460295,15.554247795151463,3
Test_P_thin_ext_cor_BlackBodyCT.ppm.ppm,434.3333333333333,30,176721,False,138.88888888888889,0.6666666666666666,0,1789743,10.127506068888248,3
Test_p08_PNGOUT.ppm.ppm,8132,193,3370682,True,126,2,0,15116561,4.484718819514864,3
Test_party_4s.ppm.ppm,3336.6666666666665,83.33333333333333,1740860,True,53.555555555555564,1.5555555555555556,0,5760017,3.308719253702193,3
Test_pasodoble1.png.ppm,1009,54,356836,True,78,28.666666666666668,0,2555920,7.162730217803136,3
Test_pasodoble3.png.ppm,265.3333333333333,29.666666666666668,125342,True,22.88888888888889,4.222222222222222,0,569175,4.540975889965056,3
Test_pc-z5e2.ppm.ppm,4364,68,1287030,True,172.66666666666666,14,0,3961816,3.0782623559668383,3
Test_pebbles.ppm.ppm,18358,188.66666666666666,4151900,True,30056,16.88888888888889,0,15116561,3.64087791131771,3
Test_people-126.ppm.ppm,2805.3333333333335,72,1390782,True,96.88888888888887,18,0,3961816,2.8486247305472747,3
Test_periodensystem-1280x887.png.ppm,891.6666666666666,48.333333333333336,205350,False,10.888888888888888,0.888888888888889,0,3402256,16.568083759435112,3
Test_pie_charts_3d.ppm.ppm,146.33333333333334,27.333333333333332,33162,False,10.888888888888891,4.222222222222222,0,480915,14.501990229781075,3
Test_pixelart3jpg.png.ppm,219.66666666666666,25,110791,False,10.888888888888891,0.6666666666666666,0,907215,8.188526143820347,3
Test_plant-fol2.ppm.ppm,2199.3333333333335,60,1487072,True,43.55555555555555,2.6666666666666665,0,3961816,2.6641722794861313,3
Test_png.png.ppm,94,17.333333333333332,13921,False,12.666666666666666,0.8888888888888888,0,483495,34.73134113928597,3
Test_png-8passes_PNGOUT.ppm.ppm,1505.6666666666667,55.333333333333336,770567,False,24.888888888888886,8.222222222222221,0,2359312,3.0617869698546656,3
Test_png-9passes.ppm.ppm,1477.3333333333333,57,793500,False,54.22222222222222,18.666666666666668,0,2359312,2.9732980466288597,3
Test_png-IceAlpha-ie5mac.ppm.ppm,758,43,399882,False,54,4.666666666666667,0,2266084,5.666881730110383,3
Test_police.png.ppm,115,18.666666666666668,31134,False,0.6666666666666666,14.888888888888891,0,463095,14.87425322798227,3
Test_prismIcon.png.ppm,193.33333333333334,26,90963,False,30.888888888888886,0.6666666666666666,0,396015,4.3535833250882225,3
Test_PT_babeltower_01t1.png.ppm,219.66666666666666,26.333333333333332,34110,False,6.222222222222222,5.555555555555556,0,1055499,30.94397537379068,3
Test_PTHNWIDE_WaveletsGamma_LVGamp16Contp8.ppm.ppm,939.3333333333334,58.666666666666664,502889,False,81.55555555555556,6.888888888888888,0,2700016,5.3690098610230095,3
Test_puzzle-p7z.ppm.ppm,2669.6666666666665,61,1501491,True,486.88888888888886,34.666666666666664,0,3961816,2.6385879102838445,3
Test_pzbr11_0.16.10_PNGOUT.ppm.ppm,1643.6666666666667,74,452615,True,113.55555555555556,10.666666666666666,0,5292017,11.692093722037493,3
Test_rapeseed-z83.ppm.ppm,3226.6666666666665,63.333333333333336,1368775,True,8.222222222222221,16.222222222222225,0,3961816,2.89442457672006,3
Test_reactos_0.3.1_booklet_cover.png.ppm,2287,94.66666666666667,682731,False,0,6.222222222222221,0,9205757,13.483724922407214,3
Test_reba.ppm.ppm,598.3333333333334,44.666666666666664,345050,True,54.22222222222223,16.222222222222225,0,1025103,2.970882480799884,3
Test_redhead.ppm.ppm,903.3333333333334,49.666666666666664,348153,True,13.555555555555555,6.888888888888888,0,1984887,5.701191717434576,3
Test_roof-uh8k.ppm.ppm,2221.3333333333335,62.666666666666664,1594439,True,9.555555555555557,8.222222222222223,0,3961816,2.484771132667979,3
Test_rope-239.ppm.ppm,2536,63.666666666666664,1265089,True,228.66666666666666,10.888888888888891,0,3961816,3.13165002620369,3
Test_rubbish-water-2ju8.ppm.ppm,3319.6666666666665,65.33333333333333,1696985,True,320.88888888888886,10.888888888888888,0,3961816,2.334620518154256,3
Test_satellite.ppm.ppm,387.3333333333333,44.666666666666664,172011,False,46.88888888888889,8.222222222222223,0,921615,5.357884088808274,3
Test_saturn.ppm.ppm,382.3333333333333,39.333333333333336,160139,True,68.22222222222221,46.88888888888889,0,921615,5.755094012077008,3
Test_save-png-dialog.png.ppm,105.66666666666667,15.333333333333334,10973,False,9.555555555555555,0.2222222222222222,0,378087,34.45611956620797,3
Test_ScreenShot37.png.ppm,1343.6666666666667,43.333333333333336,856140,False,6.888888888888889,0.22222222222222224,0,2359312,2.755754899899549,3
Test_ScreenShot39.png.ppm,1368.6666666666667,49,821566,False,257.5555555555556,26,0,2359312,2.8717254608881086,3
Test_seagull.ppm.ppm,264.3333333333333,32,58754,True,43.555555555555564,8.666666666666666,0,1070187,18.214708785784797,3
Test_server.ppm.ppm,8141,194.33333333333334,3002259,True,1028.6666666666667,5.555555555555556,0,15116561,5.035062264781287,3
Test_shadow.ppm.ppm,7219,216.66666666666666,2639559,True,164.66666666666666,17.555555555555554,0,15116561,5.726926732836811,3
Test_ship.rgb.ppm.ppm,2499,71,1729577,True,248,8.666666666666666,0,3932177,2.2734905702376937,3
Test_soft-drinks-7z2.ppm.ppm,4169.666666666667,62,1458650,True,570.8888888888888,20.666666666666668,0,3961816,2.716084050320502,3
Test_soldier_x.png.ppm,763.6666666666666,46.333333333333336,449708,False,38.22222222222223,14.222222222222223,0,1251735,2.7834394762823877,3
Test_Splenda-povray.ppm.ppm,481.6666666666667,47.333333333333336,74238,False,118.22222222222221,0.22222222222222224,0,2359312,31.780382014601688,3
Test_Spring1887.ppm.ppm,395.3333333333333,31.666666666666668,273767,False,32.88888888888889,14.222222222222223,0,634047,2.3160095994038725,3
Test_steamtrain.ppm.ppm,109.66666666666667,24,47802,True,2.8888888888888893,0.6666666666666666,0,230415,4.82019580770679,3
Test_stocksch√ºtze.png.ppm,259.3333333333333,31,136791,False,13.555555555555557,14,0,629775,4.603921310612541,3
Test_stone-i9sv.ppm.ppm,2693.3333333333335,59.333333333333336,1375650,True,206.88888888888889,4.222222222222222,0,3961816,2.879959291971068,3
Test_stones-cairns-76.ppm.ppm,2033,64.66666666666667,1278453,True,10.666666666666666,2.888888888888889,0,3961816,3.0989140781866835,3
Test_stones-dx68.ppm.ppm,4258,67,1745256,True,392.6666666666667,2,0,3961816,2.2700486346988638,3
Test_stones-g7x9.ppm.ppm,2183,61,1637701,True,34.666666666666664,18,0,3961816,2.419132674401493,3
Test_stones-t8c3.ppm.ppm,2181.6666666666665,59.333333333333336,1330756,True,6.888888888888888,9.555555555555555,0,3961816,2.9771167667100507,3
Test_sunflower.ppm.ppm,342.6666666666667,29.666666666666668,218758,True,152.88888888888889,0.22222222222222224,0,571839,2.614025544208669,3
Test_sunset3.ppm.ppm,6969,181.66666666666666,2714707,True,146,4.222222222222222,0,15116561,5.568395042264229,3
Test_supersexygirls-pack-2.png.ppm,770.3333333333334,47.666666666666664,359604,False,13.555555555555555,2.888888888888889,0,2124015,5.90653885941202,3
Test_SXI_20060706_151118162_AA_13_first.ppm.ppm,246.33333333333334,23.333333333333332,93517,False,94.88888888888887,2.8888888888888893,0,1032783,11.043799523081365,3
Test_tajmahal.ppm.ppm,34.666666666666664,13.666666666666666,7322,False,0.888888888888889,0.888888888888889,0,192015,26.22439224255668,3
Test_tangoIcons.png.ppm,154.33333333333334,24,54554,False,14.888888888888891,0.6666666666666666,0,439599,8.058052571763756,3
Test_Tectonic_plates.png.ppm,7968,289.3333333333333,1331897,False,1200.6666666666667,2.888888888888889,0,35258417,26.472330067565284,3
Test_text.ppm.ppm,503.6666666666667,43,131801,False,141.55555555555554,60.666666666666664,0,1934415,14.676785456862998,3
Test_texture-009.ppm.ppm,2329.6666666666665,63.666666666666664,1719921,True,136.2222222222222,10.888888888888891,0,3950656,2.29699852493225,3
Test_TF3D_Landscape.png.ppm,206,24.666666666666668,73773,False,14,1.5555555555555554,0,921615,12.492578585661422,3
Test_The_Earth_seen_from_Apollo_17_PNGOUT.ppm.ppm,6731.666666666667,171,3763852,True,270.22222222222223,20.666666666666668,0,10590857,2.8138346034860033,3
Test_The+Saturdays+Better+Quality+in+PNG.ppm.ppm,219.66666666666666,25.666666666666668,112075,True,33.55555555555555,0.8888888888888888,0,467415,4.170555431630604,3
Test_The+Veronicas+PNG.ppm.ppm,433.3333333333333,34,220078,True,40.22222222222222,8,0,996015,4.525736329846691,3
Test_TIC_Wallpaper001.png.ppm,1788,71.33333333333333,856338,False,2,2.888888888888889,0,3975185,4.642074741515616,3
Test_tiger.ppm.ppm,110,22,59875,True,0.6666666666666666,0.6666666666666666,0,219795,3.6708977035490604,3
Test_tree-32.ppm.ppm,1983,69.66666666666667,1235465,True,130.66666666666666,14.888888888888888,0,3961816,3.2067407818108973,3
Test_tree-794.ppm.ppm,3668.6666666666665,58.333333333333336,1316624,True,170.88888888888889,10.888888888888891,0,3961816,3.0090716863736344,3
Test_tree-flowers-u6v.ppm.ppm,2208.6666666666665,61,1542152,True,6.888888888888888,10.666666666666666,0,3961816,2.569017840005395,3
Test_tux-agafix.png.ppm,1231.6666666666667,55,96273,False,1.5555555555555554,2.6666666666666665,0,5904017,61.325781891080574,3
Test_Universe_expansion.png.ppm,173.66666666666666,34,30107,False,2.8888888888888893,24.666666666666668,0,691215,22.958614275749827,3
Test_wallpaper_oceanfreight_1280x960.ppm.ppm,1692.6666666666667,72,978467,True,27.555555555555554,12.666666666666666,0,3686416,3.7675424924908043,3
Test_wallpaper_railfreight_1280x960.ppm.ppm,1937.6666666666667,61.666666666666664,1155220,True,6.888888888888889,2.888888888888889,0,3686416,3.191094337009401,3
Test_water-08.ppm.ppm,2737,58.333333333333336,1498546,True,244.66666666666666,9.555555555555555,0,3961816,2.6437733643144754,3
Test_water-dx3d.ppm.ppm,1908,63.666666666666664,1278885,True,42,22.88888888888889,0,3961816,3.0978672828284015,3
Test_water-ual1.ppm.ppm,2111.6666666666665,59.666666666666664,1414550,True,77.55555555555554,6.222222222222221,0,3961816,2.8007606659361635,3
Test_water-uv5k.ppm.ppm,2859,67.33333333333333,1210674,True,66.66666666666667,14.888888888888888,0,3961816,3.2724052882939585,3
Test_WEBDESIGNER_ISSUE_100.png.ppm,366,28,108307,False,2,0.6666666666666666,0,1763199,16.279640281791576,3
Test_Wikispecies-logo.ppm.ppm,567.6666666666666,40,141746,False,0.2222222222222222,8,0,3107656,21.92411778815628,3
Test_window1.ppm.ppm,6290.333333333333,188.66666666666666,2309369,True,80.8888888888889,44.22222222222222,0,15116561,6.545753840118231,3
Test_winkler-gnu-blue.png.ppm,409.3333333333333,31,34265,False,82.88888888888887,0,0,3072016,89.654633007442,3
Test_WMAP_2008.ppm.ppm,5491.333333333333,190,2132020,False,234.8888888888889,82.66666666666667,0,25165841,11.803754655209614,3
Test_wolf.ppm.ppm,232.33333333333334,29.333333333333332,80077,True,14.888888888888888,6.222222222222222,0,578895,7.229229366734518,3
Test_woman.rgb.ppm.ppm,11472,212.33333333333334,5581910,True,148.66666666666666,13.555555555555555,0,15728657,2.8177912220010715,3
Test_woodgrove_PNGOUT.ppm.ppm,883,50.333333333333336,259020,False,20.666666666666668,0.22222222222222224,0,2934304,11.328484286927651,3
Test_Xcode_Shortcuts.ppm.ppm,4147,165,1135222,False,284.6666666666667,6,0,13530257,11.918600062366655,3
Test_Xcode_Shortcuts_B_W.ppm.ppm,1941.6666666666667,124,123158,False,6.222222222222222,8,0,13530257,109.86096721284854,3
Test_zoo-016.ppm.ppm,2635.6666666666665,57.333333333333336,1415310,True,94.88888888888887,10.888888888888891,0,3961816,2.799256699945595,3
DMC-TZ5_PPM_cherry_blossom_2048x1536.ppm.ppm,5575.666666666667,134.66666666666666,2619698,True,36.22222222222222,11.555555555555557,0,9437201,3.6024003530177904,3
DMC-TZ5_PPM_cherry_blossom_2560x1920.ppm.ppm,8911.333333333334,195,3879739,True,248.22222222222226,18.666666666666668,0,14745617,3.8006724163661523,3
DMC-TZ5_PPM_cherry_blossom_3456x2592.ppm.ppm,19039.666666666668,345.3333333333333,6794922,True,2324.222222222222,6.222222222222221,0,26873873,3.9549935966888214,3
DMC-TZ5_PPM_cow_2048x1536.ppm.ppm,5438,133.66666666666666,2295529,True,88.66666666666667,6.888888888888889,0,9437201,4.111122534282948,3
DMC-TZ5_PPM_cow_2560x1920.ppm.ppm,8235.666666666666,195.33333333333334,3622832,True,13.555555555555557,27.555555555555554,0,14745617,4.07019066851568,3
DMC-TZ5_PPM_cow_640x480.ppm.ppm,411.3333333333333,37.333333333333336,225828,True,118.22222222222221,29.555555555555557,0,921615,4.0810484085233005,3
DMC-TZ5_PPM_im_0001.ppm.ppm,8093.333333333333,194,3379086,True,82.8888888888889,0.6666666666666666,0,14745617,4.3637886102928425,3
DMC-TZ5_PPM_im_0002.ppm.ppm,8267,196.66666666666666,3594377,True,88.66666666666667,4.222222222222222,0,14745617,4.102412462576964,3
DMC-TZ5_PPM_im_0003.ppm.ppm,7696,195.33333333333334,3361447,True,112.66666666666667,10.888888888888888,0,14745617,4.386687340303149,3
DMC-TZ5_PPM_im_0004.ppm.ppm,7956.666666666667,196.33333333333334,3254663,True,350.88888888888886,28.222222222222218,0,14745617,4.530612539608556,3
DMC-TZ5_PPM_im_0005.ppm.ppm,8143.333333333333,194.33333333333334,3706465,True,144.88888888888889,1.5555555555555554,0,14745617,3.9783505307617903,3
DMC-TZ5_PPM_im_0006.ppm.ppm,6692.666666666667,185.33333333333334,2390045,True,104.22222222222223,10.888888888888891,0,13148177,5.5012257091393675,3
DMC-TZ5_PPM_im_0007.ppm.ppm,7157.666666666667,171.66666666666666,3077619,True,120.22222222222223,48.22222222222222,0,14745617,4.791241865870987,3
DMC-TZ5_PPM_im_0008.ppm.ppm,24990.666666666668,199,4579263,True,1373.5555555555557,0.6666666666666666,0,14745617,3.2200851971157802,3
DMC-TZ5_PPM_im_0009.ppm.ppm,9442.333333333334,207,4328198,True,16.222222222222218,2,0,14745617,3.4068720978106826,3
DMC-TZ5_PPM_im_0010.ppm.ppm,6321.666666666667,173.33333333333334,2332808,True,453.5555555555555,2.8888888888888893,0,14745617,6.320973264837912,3
DMC-TZ5_PPM_im_0011.ppm.ppm,6689.333333333333,175.33333333333334,2461844,True,4.222222222222222,6.222222222222222,0,14745617,5.9896634392756,3
DMC-TZ5_PPM_im_0012.ppm.ppm,7241.333333333333,197,2722313,True,37.55555555555555,44.666666666666664,0,14745617,5.416576639056567,3
DMC-TZ5_PPM_im_0013.ppm.ppm,8286,196.33333333333334,2993298,True,252.66666666666666,0.8888888888888888,0,14745617,4.926210821642216,3
DMC-TZ5_PPM_im_0014.ppm.ppm,7644,189.66666666666666,2752995,True,1384.6666666666667,1.5555555555555554,0,14745617,5.356209146765614,3
DMC-TZ5_PPM_im_0015.ppm.ppm,7412.666666666667,185.33333333333334,2599081,True,768.2222222222222,29.555555555555554,0,14745617,5.673396481294734,3
DMC-TZ5_PPM_im_0016.ppm.ppm,6179,180,2180373,True,194,20.666666666666668,0,13148177,6.030242073259942,3
DMC-TZ5_PPM_im_0017.ppm.ppm,419,43.666666666666664,179338,True,60.666666666666664,33.55555555555556,0,1221135,6.809125784830878,3
DMC-TZ5_PPM_im_0018.ppm.ppm,5642.333333333333,155,1751929,True,53.555555555555564,18,0,13148177,7.5049713772647175,3
DMC-TZ5_PPM_im_0019.ppm.ppm,7794.333333333333,190.66666666666666,2798020,True,198.22222222222226,6.222222222222222,0,14745617,5.270018441612283,3
DMC-TZ5_PPM_im_0020.ppm.ppm,6930.333333333333,183.66666666666666,2431533,True,22.88888888888889,22.888888888888886,0,14745617,6.064329375747728,3
DMC-TZ5_PPM_im_0021.ppm.ppm,6447.666666666667,163,3056650,True,477.5555555555555,34.666666666666664,0,14745617,4.824110382281256,3
DMC-TZ5_PPM_im_0022.ppm.ppm,6597.333333333333,164.66666666666666,3220915,True,230.88888888888889,33.55555555555555,0,14745617,4.578083246530877,3
DMC-TZ5_PPM_im_0023.ppm.ppm,3691.3333333333335,110.33333333333333,1585000,True,80.88888888888887,3.555555555555556,0,11059217,6.977423974763407,3
DMC-TZ5_PPM_im_0024.ppm.ppm,420.6666666666667,44.333333333333336,223530,True,139.55555555555554,29.555555555555557,0,921615,4.123003623674674,3
DMC-TZ5_PPM_im_0025.ppm.ppm,390.3333333333333,43,209361,True,11.555555555555557,48.666666666666664,0,921615,4.402037628784731,3
DMC-TZ5_PPM_im_0026.ppm.ppm,478,35,281843,True,2.6666666666666665,2,0,921615,3.269958806853461,3
DMC-TZ5_PPM_im_0027.ppm.ppm,483,38,261733,True,78,12.666666666666666,0,921615,3.521202905250771,3
DMC-TZ5_PPM_im_0028.ppm.ppm,496.3333333333333,45.333333333333336,272924,True,2.888888888888889,13.555555555555557,0,921615,3.3768191877592297,3
DMC-TZ5_PPM_im_0029.ppm.ppm,3101.6666666666665,83.66666666666667,1330074,True,234.88888888888889,5.5555555555555545,0,5760017,4.330598899008627,3
DMC-TZ5_PPM_im_0030.ppm.ppm,7857.666666666667,128.66666666666666,1802264,True,229.55555555555557,33.55555555555555,0,9437201,5.236303338467616,3
DMC-TZ5_PPM_im_0031.ppm.ppm,3883,131.66666666666666,1579256,True,96,27.555555555555554,0,8355857,5.291008550861925,3
DMC-TZ5_PPM_im_0032.ppm.ppm,3197,99.66666666666667,1263500,True,18.666666666666668,13.555555555555555,0,8355857,6.613262366442422,3
DMC-TZ5_PPM_im_0033.ppm.ppm,2747.6666666666665,81.33333333333333,1155271,True,0.22222222222222224,16.22222222222222,0,5760017,4.985857863652771,3
DMC-TZ5_PPM_im_0034.ppm.ppm,3044.3333333333335,80.33333333333333,1275857,True,24.88888888888889,11.555555555555555,0,5760017,4.514625855405425,3
DMC-TZ5_PPM_im_0035.ppm.ppm,2697,80.33333333333333,1127858,True,144.66666666666666,2.8888888888888893,0,5760017,5.10704095728363,3
DMC-TZ5_PPM_im_0036.ppm.ppm,427.3333333333333,40.666666666666664,249546,True,48.22222222222223,64.22222222222221,0,921615,3.6931667908922603,3
DMC-TZ5_PPM_im_0037.ppm.ppm,528.6666666666666,46,384320,True,37.55555555555556,32,0,921615,2.3980406952539552,3
DMC-TZ5_PPM_im_0038.ppm.ppm,419.3333333333333,41.666666666666664,231190,True,33.55555555555556,27.555555555555557,0,921615,3.9863964704355723,3
DMC-TZ5_PPM_im_0039.ppm.ppm,445.3333333333333,50.666666666666664,242971,True,6.888888888888889,16.222222222222225,0,921615,3.7931069963082016,3
DMC-TZ5_PPM_im_0040.ppm.ppm,3541.3333333333335,109,1770858,True,101.55555555555554,32,0,8355857,4.71853587357089,3
DMC-TZ5_PPM_im_0041.ppm.ppm,489,45.333333333333336,279591,True,20.666666666666668,11.555555555555557,0,921615,3.296297091108083,3
DMC-TZ5_PPM_im_0042.ppm.ppm,496.3333333333333,43,294526,True,60.22222222222222,28.666666666666668,0,921615,3.129146493009106,3
DMC-TZ5_PPM_im_0043.ppm.ppm,496.3333333333333,41.666666666666664,293247,True,38.88888888888889,46.22222222222223,0,921615,3.14279429968593,3
DMC-TZ5_PPM_im_0044.ppm.ppm,472.6666666666667,44.666666666666664,292908,True,113.55555555555554,9.555555555555555,0,921615,3.1464316440657134,3
DMC-TZ5_PPM_im_0045.ppm.ppm,486,41,281970,True,32.666666666666664,32.666666666666664,0,921615,3.2684860091499095,3
DMC-TZ5_PPM_im_0046.ppm.ppm,476,41.333333333333336,293577,True,14,9.555555555555557,0,921615,3.1392615906559436,3
DMC-TZ5_PPM_im_0047.ppm.ppm,494.3333333333333,42.666666666666664,293296,True,20.222222222222225,24.88888888888889,0,921615,3.1422692433582458,3
DMC-TZ5_PPM_im_0048.ppm.ppm,499,42.333333333333336,293837,True,8.666666666666666,10.888888888888891,0,921615,3.1364838328733278,3
DMC-TZ5_PPM_im_0049.ppm.ppm,491,37.666666666666664,282771,True,100.66666666666667,14.888888888888891,0,921615,3.2592274313844065,3
DMC-TZ5_PPM_im_0050.ppm.ppm,509.6666666666667,43.333333333333336,295185,True,16.88888888888889,33.55555555555556,0,921615,3.1221606788962855,3
DMC-TZ5_PPM_im_0051.ppm.ppm,477.6666666666667,43.666666666666664,295447,True,57.555555555555564,24.88888888888889,0,921615,3.119391972164212,3
DMC-TZ5_PPM_im_0052.ppm.ppm,504.3333333333333,44.333333333333336,296270,True,102.88888888888887,46.22222222222222,0,921615,3.110726701994802,3
DMC-TZ5_PPM_im_0053.ppm.ppm,528.3333333333334,42,295799,True,16.88888888888889,12.666666666666666,0,921615,3.115679904259311,3
DMC-TZ5_PPM_im_0054.ppm.ppm,510,38.666666666666664,295843,True,4.666666666666667,13.555555555555557,0,921615,3.1152165168687445,3
DMC-TZ5_PPM_im_0055.ppm.ppm,492.3333333333333,49.666666666666664,283265,True,13.555555555555557,2.888888888888889,0,921615,3.2535435016680494,3
DMC-TZ5_PPM_im_0056.ppm.ppm,522,41.666666666666664,303696,True,14,36.22222222222222,0,921615,3.0346629524261104,3
DMC-TZ5_PPM_im_0057.ppm.ppm,501.3333333333333,42.666666666666664,303800,True,30.88888888888889,30.88888888888889,0,921615,3.03362409479921,3
DMC-TZ5_PPM_im_0058.ppm.ppm,478.3333333333333,37.666666666666664,304136,True,89.55555555555554,21.555555555555557,0,921615,3.0302726411868375,3
DMC-TZ5_PPM_im_0059.ppm.ppm,489,42.333333333333336,302229,True,12.666666666666666,29.555555555555557,0,921615,3.0493930099361743,3
DMC-TZ5_PPM_im_0060.ppm.ppm,532.6666666666666,40,303527,True,9.555555555555555,10.666666666666666,0,921615,3.0363526144296884,3
DMC-TZ5_PPM_im_0061.ppm.ppm,497,42.333333333333336,301553,True,44.666666666666664,13.555555555555557,0,921615,3.056228921615769,3
DMC-TZ5_PPM_im_0062.ppm.ppm,507.3333333333333,44,302679,True,14.888888888888891,44.666666666666664,0,921615,3.0448594055088063,3
DMC-TZ5_PPM_im_0063.ppm.ppm,487.6666666666667,42.333333333333336,303703,True,0.888888888888889,26.88888888888889,0,921615,3.0345930069837967,3
DMC-TZ5_PPM_im_0064.ppm.ppm,488.3333333333333,45.333333333333336,304895,True,54.888888888888886,57.555555555555564,0,921615,3.022729136260024,3
DMC-TZ5_PPM_im_0065.ppm.ppm,509.3333333333333,43.333333333333336,303459,True,16.88888888888889,24.222222222222225,0,921615,3.0370330094015996,3
DMC-TZ5_PPM_im_0066.ppm.ppm,504.3333333333333,44.666666666666664,296705,True,22.88888888888889,32.88888888888889,0,921615,3.106166057194857,3
DMC-TZ5_PPM_im_0067.ppm.ppm,500.6666666666667,44.666666666666664,300438,True,88.88888888888887,22.222222222222225,0,921615,3.0675713458350806,3
DMC-TZ5_PPM_im_0068.ppm.ppm,501.3333333333333,35.333333333333336,298276,True,62.888888888888886,4.222222222222222,0,921615,3.0898060856388043,3
DMC-TZ5_PPM_im_0069.ppm.ppm,476,40.666666666666664,299211,True,8.666666666666666,27.555555555555557,0,921615,3.0801507965950448,3
DMC-TZ5_PPM_im_0070.ppm.ppm,499,47,278639,True,88.66666666666667,24.666666666666668,0,921615,3.3075592433220042,3
DMC-TZ5_PPM_im_0071.ppm.ppm,503.6666666666667,50.333333333333336,298823,True,2.888888888888889,10.888888888888891,0,921615,3.08415014908491,3
DMC-TZ5_PPM_im_0072.ppm.ppm,500,42.666666666666664,286992,True,12.666666666666666,40.22222222222222,0,921615,3.2112916039471484,3
DMC-TZ5_PPM_im_0073.ppm.ppm,409,44,216954,True,32.666666666666664,20.666666666666668,0,921615,4.247974224950911,3
DMC-TZ5_PPM_im_0074.ppm.ppm,415.6666666666667,44.333333333333336,209741,True,43.55555555555555,32.88888888888889,0,921615,4.394062200523503,3
DMC-TZ5_PPM_im_0075.ppm.ppm,402,40,204176,True,0.6666666666666666,12.666666666666666,0,921615,4.5138263067157745,3
DMC-TZ5_PPM_im_0076.ppm.ppm,410.3333333333333,40.666666666666664,218177,True,27.555555555555557,36.22222222222222,0,921615,4.224162033578241,3
DMC-TZ5_PPM_im_0077.ppm.ppm,408,46,204892,True,202.66666666666666,20.666666666666668,0,921615,4.498052632606447,3
DMC-TZ5_PPM_im_0078.ppm.ppm,418,39.666666666666664,228125,True,16.666666666666668,53.555555555555564,0,921615,4.039956164383562,3
DMC-TZ5_PPM_im_0079.ppm.ppm,424,36.333333333333336,213688,True,18.666666666666668,6.888888888888888,0,921615,4.3129001160570555,3
DMC-TZ5_PPM_im_0080.ppm.ppm,436.6666666666667,43.333333333333336,225144,True,20.222222222222225,11.555555555555557,0,921615,4.093446860675834,3
DMC-TZ5_PPM_im_0081.ppm.ppm,402.3333333333333,44.666666666666664,217147,True,20.222222222222225,37.55555555555556,0,921615,4.2441986304208665,3
DMC-TZ5_PPM_im_0082.ppm.ppm,407.6666666666667,44,216698,True,57.555555555555564,24.666666666666668,0,921615,4.252992644140694,3
DMC-TZ5_PPM_im_0083.ppm.ppm,416,39.333333333333336,208089,True,14,50.88888888888889,0,921615,4.428946268183325,3
DMC-TZ5_PPM_im_0084.ppm.ppm,424,44,211491,True,20.666666666666668,18.666666666666668,0,921615,4.357703164673674,3
DMC-TZ5_PPM_im_0085.ppm.ppm,411.6666666666667,43.666666666666664,208547,True,46.22222222222223,28.222222222222225,0,921615,4.419219648328674,3
DMC-TZ5_PPM_im_0086.ppm.ppm,424.3333333333333,40,229409,True,214.88888888888889,42,0,921615,4.01734456799864,3
DMC-TZ5_PPM_im_0087.ppm.ppm,400.3333333333333,38.666666666666664,208689,True,38.22222222222222,0.888888888888889,0,921615,4.416212641777957,3
DMC-TZ5_PPM_im_0088.ppm.ppm,409.3333333333333,39,226609,True,26.88888888888889,18.666666666666668,0,921615,4.0669832177892316,3
DMC-TZ5_PPM_im_0089.ppm.ppm,414.3333333333333,44.333333333333336,217762,True,17.555555555555557,29.555555555555557,0,921615,4.232212231702501,3
DMC-TZ5_PPM_im_0090.ppm.ppm,4131,106,1471831,True,72,88.66666666666667,0,8355857,5.677185084428851,3
DMC-TZ5_PPM_im_0091.ppm.ppm,4037.6666666666665,107.33333333333333,1626032,True,6.222222222222221,6.888888888888888,0,8355857,5.138802311393626,3
DMC-TZ5_PPM_im_0092.ppm.ppm,2187.3333333333335,86.66666666666667,1446497,True,59.555555555555564,0.2222222222222222,0,8355857,5.776615506288641,3
DMC-TZ5_PPM_im_0093.ppm.ppm,4393.666666666667,113.66666666666667,2068588,True,2636.2222222222226,26.888888888888886,0,8355857,4.039401272752235,3
DMC-TZ5_PPM_im_0094.ppm.ppm,3018.3333333333335,116,1097527,True,34.88888888888889,8.666666666666666,0,8355857,7.613349831029214,3
DMC-TZ5_PPM_im_0095.ppm.ppm,439,43,243878,True,78,72.66666666666667,0,921615,3.7790001558156128,3
DMC-TZ5_PPM_im_0096.ppm.ppm,371,42,163952,True,56,0.6666666666666666,0,921615,5.621248902117693,3
DMC-TZ5_PPM_im_0097.ppm.ppm,2753.3333333333335,84,1000788,True,36.22222222222222,4.666666666666667,0,5760017,5.755481680435817,3
DMC-TZ5_PPM_im_0098.ppm.ppm,4429.333333333333,133.33333333333334,1684740,True,189.55555555555554,8.222222222222223,0,9437201,5.601577097949832,3
DMC-TZ5_PPM_im_0099.ppm.ppm,3655,121.66666666666667,1407255,True,224.66666666666666,16.22222222222222,0,9437201,6.706105858568632,3
DMC-TZ5_PPM_im_0100.ppm.ppm,3802,128,1373488,True,72,14,0,9437201,6.870974482485468,3
DMC-TZ5_PPM_im_0101.ppm.ppm,3910.6666666666665,130,1417357,True,57.555555555555564,12.666666666666666,0,9437201,6.658309092204716,3
DMC-TZ5_PPM_im_0102.ppm.ppm,3885.6666666666665,122.33333333333333,1470592,True,54.88888888888889,57.555555555555564,0,9437201,6.417280251762556,3
DMC-TZ5_PPM_im_0103.ppm.ppm,4939.333333333333,156,1835065,True,138.88888888888889,2.6666666666666665,0,14745617,8.035473947789315,3
DMC-TZ5_PPM_im_0104.ppm.ppm,2781.3333333333335,78.66666666666667,1277902,True,6.888888888888888,17.555555555555554,0,5760017,4.507401193518752,3
DMC-TZ5_PPM_im_0105.ppm.ppm,2969,82.33333333333333,1276133,True,88.66666666666667,6.888888888888888,0,5760017,4.513649439360944,3
DMC-TZ5_PPM_im_0106.ppm.ppm,2836.3333333333335,91.33333333333333,1412027,True,180.2222222222222,16.22222222222222,0,5760017,4.079254150239337,3
DMC-TZ5_PPM_im_0107.ppm.ppm,2943,84.33333333333333,1334243,True,38,0.2222222222222222,0,5760017,4.317067430745374,3
DMC-TZ5_PPM_im_0108.ppm.ppm,2757,92.33333333333333,1000326,True,242,22.88888888888889,0,6220817,6.218789674566091,3
DMC-TZ5_PPM_im_0109.ppm.ppm,6482,142,3621668,True,354.6666666666667,32.666666666666664,0,9437201,2.605760936673378,3
DMC-TZ5_PPM_im_0110.ppm.ppm,4160,122,1975036,True,88.66666666666667,0.6666666666666666,0,9437201,4.778242523174261,3
DMC-TZ5_PPM_im_0111.ppm.ppm,14275.666666666666,335.6666666666667,4439023,True,233.55555555555557,46.88888888888889,0,26873873,6.054006253177783,3
DMC-TZ5_PPM_im_0112.ppm.ppm,10376.333333333334,125.66666666666667,2442705,True,18720.88888888889,5.5555555555555545,0,9437201,3.8634223125592326,3
DMC-TZ5_PPM_im_0113.ppm.ppm,4531.333333333333,138.66666666666666,1945754,True,10.888888888888888,10.888888888888888,0,9437201,4.850151149631454,3
DMC-TZ5_PPM_im_0114.ppm.ppm,5263.666666666667,137.66666666666666,2082037,True,93.55555555555556,6.888888888888889,0,9437201,4.532676892869819,3
DMC-TZ5_PPM_im_0115.ppm.ppm,5268,130.33333333333334,2188571,True,400.6666666666667,89.55555555555554,0,9437201,4.3120378548377,3
DMC-TZ5_PPM_im_0116.ppm.ppm,5209.333333333333,130.33333333333334,2216191,True,379.5555555555555,57.55555555555555,0,9437201,4.258297682826074,3
DMC-TZ5_PPM_im_0117.ppm.ppm,10979.666666666666,131.33333333333334,2062676,True,35556.222222222226,0.8888888888888888,0,9437201,4.57522218710064,3
DMC-TZ5_PPM_im_0118.ppm.ppm,4192,121,1742065,True,42,8.666666666666666,0,9437201,5.417249643382997,3
DMC-TZ5_PPM_im_0119.ppm.ppm,4358.666666666667,131.33333333333334,1826422,True,80.22222222222223,8.222222222222223,0,9437201,5.167042994444876,3
DMC-TZ5_PPM_im_0120.ppm.ppm,4066.6666666666665,125,1845883,True,34.88888888888889,0,0,9437201,5.1125672645557705,3
DMC-TZ5_PPM_im_0121.ppm.ppm,4489.333333333333,125,1898157,True,44.22222222222223,12.666666666666666,0,9437201,4.971770512133611,3
DMC-TZ5_PPM_im_0122.ppm.ppm,3787.6666666666665,126.33333333333333,1368324,True,38.88888888888889,54.88888888888889,0,9437201,6.896905265127265,3
DMC-TZ5_PPM_im_0123.ppm.ppm,3546.3333333333335,114.33333333333333,2013700,True,4.222222222222222,20.22222222222222,0,9437201,4.686497988776878,3
DMC-TZ5_PPM_im_0124.ppm.ppm,3947,120.66666666666667,2047451,True,112.66666666666667,2.888888888888889,0,9437201,4.609243884224824,3
DMC-TZ5_PPM_im_0125.ppm.ppm,3732,125.66666666666667,1435632,True,2.6666666666666665,4.222222222222222,0,9437201,6.573551578677544,3
DMC-TZ5_PPM_im_0126.ppm.ppm,5317.666666666667,133.33333333333334,2373520,True,9.555555555555555,64.88888888888889,0,9437201,3.976036014021369,3
DMC-TZ5_PPM_im_0127.ppm.ppm,4451.333333333333,120.33333333333333,2053129,True,379.5555555555555,43.555555555555564,0,9437201,4.596496859184201,3
DMC-TZ5_PPM_im_0128.ppm.ppm,4248.333333333333,129.66666666666666,1821658,True,84.22222222222223,89.55555555555554,0,9437201,5.18055584527941,3
DMC-TZ5_PPM_im_0129.ppm.ppm,4165.666666666667,116,1966363,True,53.555555555555564,2.6666666666666665,0,9437201,4.799317826871234,3
DMC-TZ5_PPM_im_0130.ppm.ppm,331.3333333333333,38.333333333333336,154611,True,2.888888888888889,11.555555555555557,0,921615,5.960863069251218,3
DMC-TZ5_PPM_im_0131.ppm.ppm,3974.3333333333335,121,1303382,True,80.88888888888887,8,0,9437201,7.2405488183817175,3
DMC-TZ5_PPM_im_0132.ppm.ppm,4129.333333333333,122.33333333333333,1561500,True,49.555555555555564,16.22222222222222,0,9437201,6.043676593019533,3
DMC-TZ5_PPM_im_0133.ppm.ppm,9816.666666666666,283.6666666666667,4063415,True,2689.555555555555,0.888888888888889,0,26873873,6.613617609818342,3
DMC-TZ5_PPM_im_0134.ppm.ppm,9502.333333333334,294.6666666666667,4630353,True,2242.8888888888887,11.555555555555557,0,26873873,5.803849728087686,3
DMC-TZ5_PPM_im_0135.ppm.ppm,4382,118.33333333333333,1897287,True,8824.666666666666,14.222222222222221,0,9437201,4.974050315002422,3
DMC-TZ5_PPM_im_0136.ppm.ppm,4026,112,1688272,True,98.66666666666667,18,0,9437201,5.589858150819299,3
DMC-TZ5_PPM_im_0137.ppm.ppm,8401.666666666666,124,2149281,True,306.8888888888889,34.666666666666664,0,9437201,4.390864200632676,3
DMC-TZ5_PPM_im_0138.ppm.ppm,4065.6666666666665,116.33333333333333,1652244,True,5.5555555555555545,3.555555555555556,0,9437201,5.711747780594149,3
DMC-TZ5_PPM_im_0139.ppm.ppm,2786,91,1111678,True,82.66666666666667,6,0,6220817,5.595880281880185,3
DMC-TZ5_PPM_im_0140.ppm.ppm,5579.333333333333,126.33333333333333,2652283,True,316.2222222222222,22.888888888888886,0,9437201,3.558142551153101,3
DMC-TZ5_PPM_im_0141.ppm.ppm,5631,134,2587712,True,14,20.666666666666668,0,9437201,3.6469286381173793,3
DMC-TZ5_PPM_im_0142.ppm.ppm,2671.6666666666665,77,1123026,True,440.8888888888889,4.666666666666667,0,6220817,5.539334797235327,3
DMC-TZ5_PPM_im_0143.ppm.ppm,2659.3333333333335,83.33333333333333,1177945,True,193.55555555555554,1.5555555555555556,0,6220817,5.281075941576219,3
DMC-TZ5_PPM_im_0144.ppm.ppm,2941,80.66666666666667,1443567,True,18.666666666666668,6.222222222222221,0,6220817,4.309337218154751,3
DMC-TZ5_PPM_im_0145.ppm.ppm,2641.6666666666665,82.33333333333333,1094228,True,210.88888888888889,27.555555555555554,0,6220817,5.685119554608363,3
DMC-TZ5_PPM_im_0146.ppm.ppm,2213.6666666666665,83.33333333333333,920091,True,2.888888888888889,10.888888888888888,0,6220817,6.761088848820388,3
DMC-TZ5_PPM_im_0147.ppm.ppm,2480,80.66666666666667,1032344,True,42,11.555555555555555,0,6220817,6.025914811341956,3
DMC-TZ5_PPM_im_0148.ppm.ppm,4008.3333333333335,116,1769444,True,32.88888888888889,12.666666666666666,0,9437201,5.333427336496662,3
DMC-TZ5_PPM_im_0149.ppm.ppm,2272,88.66666666666667,947513,True,8.666666666666666,4.222222222222222,0,6220817,6.565415989015454,3
DMC-TZ5_PPM_im_0150.ppm.ppm,4951,131.33333333333334,1886911,True,338,37.55555555555555,0,9437201,5.001402291894,3
DMC-TZ5_PPM_im_0151.ppm.ppm,4976,132.33333333333334,1993595,True,970.6666666666666,30.888888888888886,0,9437201,4.733760367577166,3
DMC-TZ5_PPM_im_0152.ppm.ppm,1802,81.66666666666667,658999,True,20.666666666666668,2.8888888888888893,0,6220817,9.439797328979255,3
DMC-TZ5_PPM_im_0153.ppm.ppm,2500.6666666666665,85.66666666666667,910726,True,16.88888888888889,8.222222222222221,0,6220817,6.8306131591719135,3
DMC-TZ5_PPM_im_0154.ppm.ppm,5223,158.33333333333334,2521861,True,130.66666666666666,44.22222222222222,0,9437201,3.7421574781480818,3
DMC-TZ5_PPM_im_0155.ppm.ppm,4428.333333333333,135,1803326,True,48.22222222222223,14,0,9437201,5.233219617528944,3
DMC-TZ5_PPM_im_0156.ppm.ppm,2474.6666666666665,75.66666666666667,915443,True,0.888888888888889,0.888888888888889,0,6220817,6.795417082221395,3
DMC-TZ5_PPM_im_0157.ppm.ppm,2743,78.33333333333333,1096140,True,12.666666666666666,6.888888888888888,0,6220817,5.675202985020162,3
DMC-TZ5_PPM_im_0158.ppm.ppm,3898.3333333333335,129,1523746,True,20.222222222222225,18.666666666666668,0,9437201,6.1934213445022985,3
DMC-TZ5_PPM_im_0159.ppm.ppm,4358.666666666667,122.33333333333333,1569992,True,220.2222222222222,4.222222222222222,0,9437201,6.010986680186906,3
DMC-TZ5_PPM_im_0160.ppm.ppm,4379.333333333333,131.66666666666666,1818231,True,5.5555555555555545,20.222222222222218,0,9437201,5.1903201518398925,3
DMC-TZ5_PPM_im_0161.ppm.ppm,4380.333333333333,126.33333333333333,1783817,True,73.55555555555556,28.222222222222218,0,9437201,5.290453561099597,3
DMC-TZ5_PPM_im_0162.ppm.ppm,5722.666666666667,138.33333333333334,2638976,True,306.88888888888886,68.22222222222221,0,9437201,3.5760844357811514,3
DMC-TZ5_PPM_im_0163.ppm.ppm,3887,127,1405133,True,108.66666666666667,42,0,9437201,6.716233267598156,3
DMC-TZ5_PPM_im_0164.ppm.ppm,2380,76,982652,True,48.666666666666664,0.6666666666666666,0,6220817,6.33064095936303,3
DMC-TZ5_PPM_im_0165.ppm.ppm,5488,126.33333333333333,2433371,True,192.66666666666666,62.88888888888889,0,9437201,3.878241747764726,3
DMC-TZ5_PPM_im_0166.ppm.ppm,5447.333333333333,131.66666666666666,2480674,True,74.8888888888889,56.888888888888886,0,9437201,3.804289076275238,3
DMC-TZ5_PPM_im_0167.ppm.ppm,5582.333333333333,132.66666666666666,2638031,True,38.22222222222223,72.22222222222221,0,9437201,3.5773654668955746,3
DMC-TZ5_PPM_im_0168.ppm.ppm,4361,127.66666666666667,1841541,True,18.666666666666668,49.555555555555564,0,9437201,5.1246217162691465,3
DMC-TZ5_PPM_im_0169.ppm.ppm,5067.666666666667,138,2000422,True,269.55555555555554,0.6666666666666666,0,9437201,4.717605085326996,3
DMC-TZ5_PPM_im_0170.ppm.ppm,2456.6666666666665,95.66666666666667,873325,True,242.88888888888889,1.5555555555555556,0,6220817,7.123140869664787,3
DMC-TZ5_PPM_im_0171.ppm.ppm,4776.666666666667,138.33333333333334,1946758,True,14.888888888888888,0.8888888888888888,0,9437201,4.847649784924474,3
DMC-TZ5_PPM_im_0172.ppm.ppm,5681.333333333333,132.33333333333334,2673112,True,28.222222222222218,3.555555555555556,0,9437201,3.5304173562499437,3
DMC-TZ5_PPM_im_0173.ppm.ppm,5774.666666666667,134.33333333333334,2648966,True,152.88888888888889,62.888888888888886,0,9437201,3.5625980099404826,3
DMC-TZ5_PPM_im_0174.ppm.ppm,3700,121.33333333333333,1229420,True,200.66666666666666,10.888888888888888,0,9437201,7.676140781832084,3
DMC-TZ5_PPM_im_0175.ppm.ppm,7407.333333333333,132.66666666666666,1902405,True,3173.555555555556,16.88888888888889,0,9437201,4.960668732472843,3
DMC-TZ5_PPM_im_0176.ppm.ppm,3922.3333333333335,116,1582674,True,121.55555555555554,4.666666666666667,0,9437201,5.962820517680837,3
DMC-TZ5_PPM_im_0177.ppm.ppm,4065.3333333333335,124,1458270,True,40.22222222222222,2,0,9437201,6.471504591056526,3
DMC-TZ5_PPM_im_0178.ppm.ppm,3785.3333333333335,121,1547158,True,192.88888888888889,8.666666666666666,0,9437201,6.099700870887136,3
DMC-TZ5_PPM_im_0179.ppm.ppm,3666.6666666666665,126.66666666666667,1373905,True,73.55555555555556,27.555555555555554,0,9437201,6.86888904254661,3
DMC-TZ5_PPM_im_0180.ppm.ppm,3863.3333333333335,149.33333333333334,1461145,True,10.888888888888891,6.222222222222222,0,9437201,6.4587710323068555,3
DMC-TZ5_PPM_im_0181.ppm.ppm,5698,161,2759664,True,134,16.666666666666668,0,9437201,3.4196920349723734,3
DMC-TZ5_PPM_im_0182.ppm.ppm,5450.333333333333,137,2335739,True,221.55555555555557,24,0,9437201,4.040349114348821,3
DMC-TZ5_PNG_actress_1.png.ppm,3334.6666666666665,102,1055323,True,44.22222222222223,8,0,7480721,7.088560563922136,3
DMC-TZ5_PNG_actress_2.png.ppm,2351.6666666666665,90,785716,True,6.222222222222221,16.666666666666668,0,7480721,9.520896863497752,3
DMC-TZ5_PNG_actress_3.png.ppm,2735.3333333333335,85.33333333333333,982795,True,6990.888888888888,14.222222222222221,0,7480721,7.611679953601717,3
DMC-TZ5_PNG_bark.png.ppm,5740.666666666667,127.66666666666667,2833658,True,1200.888888888889,76.22222222222223,0,9437201,3.330395199420678,3
DMC-TZ5_PNG_basket.png.ppm,5315.666666666667,129.33333333333334,2249406,True,402.88888888888886,0.8888888888888888,0,9437201,4.195419146210155,3
DMC-TZ5_PNG_black_cat.png.ppm,4321.333333333333,126,1879394,True,46.22222222222223,8.666666666666666,0,9437201,5.021406368222949,3
DMC-TZ5_PNG_blossom_1.png.ppm,5083.333333333333,138.33333333333334,2033201,True,37.555555555555564,26.888888888888886,0,9437201,4.641548474548261,3
DMC-TZ5_PNG_blossom_2.png.ppm,5435,130.33333333333334,2199960,True,24,59.55555555555555,0,11059217,5.027008218331242,3
DMC-TZ5_PNG_blossom_3.png.ppm,5190.666666666667,127.66666666666667,2141832,True,580.2222222222222,21.555555555555557,0,9437201,4.406135028330887,3
DMC-TZ5_PNG_blossom_4.png.ppm,5350.666666666667,123.66666666666667,2236270,True,476.2222222222222,28.222222222222218,0,9437201,4.220063319724362,3
DMC-TZ5_PNG_blossom_5.png.ppm,5615,128.66666666666666,2401140,True,6,20.222222222222218,0,9437201,3.9303001907427304,3
DMC-TZ5_PNG_blossom_6.png.ppm,4688,123,2018250,True,160.66666666666666,10.666666666666666,0,9437201,4.6759326148891365,3
DMC-TZ5_PNG_blossom_7.png.ppm,2328.3333333333335,97.33333333333333,675336,True,2.888888888888889,5.5555555555555545,0,7480721,11.07703572740088,3
DMC-TZ5_PNG_blue_helmet.png.ppm,5513,126,1933406,True,400.6666666666667,4.666666666666667,0,9437201,4.881127399004658,3
DMC-TZ5_PNG_broom_1.png.ppm,12732.333333333334,148,1908967,True,568.2222222222223,0.6666666666666666,0,11059217,5.793299203181616,3
DMC-TZ5_PNG_broom_2.png.ppm,6025.666666666667,130.66666666666666,2709491,True,122.8888888888889,4.222222222222222,0,9437201,3.4830161827442865,3
DMC-TZ5_PNG_bucket.png.ppm,5626.333333333333,139,2486263,True,764.2222222222222,32.666666666666664,0,9437201,3.795737216859198,3
DMC-TZ5_PNG_butterfly_1.png.ppm,2544.6666666666665,93.33333333333333,804385,True,20.222222222222225,14.888888888888888,0,7480721,9.29992603044562,3
DMC-TZ5_PNG_butterfly_2.png.ppm,3012.6666666666665,97.66666666666667,1003338,True,20.222222222222225,4.222222222222222,0,7480721,7.455833428017279,3
DMC-TZ5_PNG_butterfly_3.png.ppm,2971,93.66666666666667,961798,True,4.666666666666667,10.888888888888888,0,7480721,7.777850442608531,3
DMC-TZ5_PNG_canvas_1.png.ppm,6167.666666666667,147,3174938,True,216.8888888888889,2,0,9437201,2.972404815464113,3
DMC-TZ5_PNG_canvas_2.png.ppm,5537,146,2571422,True,120.66666666666667,74,0,9437201,3.6700319900817524,3
DMC-TZ5_PNG_chinese_lantern.png.ppm,1165.3333333333333,49,616645,True,66.88888888888889,8,0,2359312,3.8260457799868646,3
DMC-TZ5_PNG_chute.png.ppm,5832.666666666667,144.33333333333334,1688255,True,949.5555555555555,0.8888888888888888,0,11059217,6.550679251653334,3
DMC-TZ5_PNG_composition.png.ppm,5494,123.33333333333333,2517677,True,2,14.888888888888888,0,9437201,3.7483763802902437,3
DMC-TZ5_PNG_crystals.png.ppm,5532,131,2538664,True,28.666666666666668,2,0,9437201,3.7173887525091938,3
DMC-TZ5_PNG_dots.png.ppm,5249.333333333333,133,2432519,True,99.55555555555556,32,0,9437201,3.8796001182313478,3
DMC-TZ5_PNG_fabric_1.png.ppm,5424,130.33333333333334,2371558,True,296,11.555555555555555,0,9437201,3.9793254054929292,3
DMC-TZ5_PNG_fabric_2.png.ppm,5465.333333333333,134,2494281,True,166.88888888888889,32.666666666666664,0,9437201,3.783535616075334,3
DMC-TZ5_PNG_fleece.png.ppm,5836,139.33333333333334,2464351,True,4.666666666666667,49.55555555555555,0,9437201,3.829487357929126,3
DMC-TZ5_PNG_glass_pane.png.ppm,4386.333333333333,148.66666666666666,1921980,True,10.888888888888888,16.88888888888889,0,9437201,4.9101452668602175,3
DMC-TZ5_PNG_glas_coloured_1.png.ppm,5690.333333333333,127,2039583,True,150.88888888888889,2.6666666666666665,0,9437201,4.6270247398610405,3
DMC-TZ5_PNG_glas_coloured_2.png.ppm,3843,78.33333333333333,853780,True,18.666666666666668,26.888888888888886,0,6220817,7.286206048396543,3
DMC-TZ5_PNG_glas_coloured_3.png.ppm,2716.3333333333335,86.33333333333333,1127594,True,0.888888888888889,27.555555555555554,0,6220817,5.516894378650472,3
DMC-TZ5_PNG_glas_coloured_4.png.ppm,4323,130.33333333333334,1690930,True,52.666666666666664,20.222222222222218,0,9437201,5.581071363096048,3
DMC-TZ5_PNG_glas_coloured_5.png.ppm,3970,136,1451051,True,140.66666666666666,20.666666666666668,0,9437201,6.503700421280851,3
DMC-TZ5_PNG_glas_coloured_6.png.ppm,8435,126,1784520,True,9988.666666666666,14,0,9437201,5.288369421469079,3
DMC-TZ5_PNG_green_wheel_1.png.ppm,9254,124,2082940,True,10804.666666666666,42,0,9437201,4.530711878402642,3
DMC-TZ5_PNG_green_wheel_2.png.ppm,5093,132,2171080,True,200.66666666666666,2,0,9437201,4.346777180021004,3
DMC-TZ5_PNG_grill_bag.png.ppm,5580.666666666667,133.66666666666666,2462925,True,57.555555555555564,6.222222222222222,0,9437201,3.8317045789051636,3
DMC-TZ5_PNG_guitar_detail.png.ppm,5297,132,2082382,True,144.66666666666666,0.6666666666666666,0,9437201,4.53192593866063,3
DMC-TZ5_PNG_guitar_knobs.png.ppm,3941.6666666666665,121.66666666666667,1502100,True,8.222222222222221,50.88888888888889,0,9437201,6.2826715931029895,3
DMC-TZ5_PNG_guitar_label.png.ppm,5111.333333333333,145.66666666666666,2297001,True,162.88888888888889,1.5555555555555554,0,9437201,4.1084879806321375,3
DMC-TZ5_PNG_guitar_strings.png.ppm,5518.333333333333,95,858467,True,550.8888888888888,6,0,6220817,7.246425313960816,3
DMC-TZ5_PNG_hedgehog.png.ppm,5680.666666666667,136.33333333333334,2670667,True,688.2222222222222,8.222222222222223,0,9437201,3.5336494591051597,3
DMC-TZ5_PNG_keyhole.png.ppm,4118.333333333333,132,1406199,True,42.88888888888889,24,0,9437201,6.711141879634391,3
DMC-TZ5_PNG_knob.png.ppm,1147.6666666666667,47.333333333333336,676048,True,11.555555555555557,16.222222222222225,0,2359312,3.489858708257402,3
DMC-TZ5_PNG_lemon.png.ppm,4817.333333333333,149.66666666666666,1944712,True,6.222222222222221,26.888888888888886,0,9437201,4.852749918754037,3
DMC-TZ5_PNG_lemon2.png.ppm,4979,153,2009821,True,130.66666666666666,8,0,9437201,4.695543035922104,3
DMC-TZ5_PNG_ornament_painted.png.ppm,3738.3333333333335,140,1406776,True,257.55555555555554,56,0,9437201,6.708389253157574,3
DMC-TZ5_PNG_parquet.png.ppm,3579.3333333333335,130.66666666666666,1450099,True,2.888888888888889,37.55555555555555,0,9437201,6.507970145486619,3
DMC-TZ5_PNG_pegs.png.ppm,5271.333333333333,135.66666666666666,2056289,True,406.88888888888886,5.555555555555556,0,9437201,4.589433197376438,3
DMC-TZ5_PNG_pegs_basket_1.png.ppm,5434.666666666667,131.33333333333334,2298026,True,297.5555555555556,27.555555555555554,0,9437201,4.106655451243807,3
DMC-TZ5_PNG_pegs_basket_2.png.ppm,5815.666666666667,134.66666666666666,2649493,True,13.555555555555555,4.222222222222222,0,9437201,3.561889387894212,3
DMC-TZ5_PNG_plant.png.ppm,4144.666666666667,149.33333333333334,1718113,True,17.555555555555554,174.88888888888889,0,9437201,5.492770848017564,3
DMC-TZ5_PNG_plastic_1.png.ppm,4545,121.66666666666667,2130904,True,32.666666666666664,2.8888888888888893,0,9437201,4.4287311863885,3
DMC-TZ5_PNG_plastic_2.png.ppm,3619,105.33333333333333,1699955,True,32.666666666666664,1.5555555555555556,0,9437201,5.551441655808536,3
DMC-TZ5_PNG_plastic_3.png.ppm,2718.3333333333335,101.33333333333333,1090657,True,69.55555555555556,38.88888888888889,0,6220817,5.703733621110945,3
DMC-TZ5_PNG_pottery.png.ppm,5696.333333333333,139.33333333333334,2529514,True,160.22222222222223,16.88888888888889,0,9437201,3.7308356466894432,3
DMC-TZ5_PNG_pottery2.png.ppm,5783,146,2742652,True,134,42,0,9437201,3.4409035488279227,3
DMC-TZ5_PNG_power_plant_1.png.ppm,1517,88.66666666666667,382887,True,8.666666666666666,21.555555555555554,0,7480721,19.5376729949045,3
DMC-TZ5_PNG_power_plant_2.png.ppm,1442,72,283124,True,98,2,0,7480721,26.42206594990181,3
DMC-TZ5_PNG_rake.png.ppm,4429.666666666667,122,1778817,True,520.2222222222222,2,0,9437201,5.305324268882072,3
DMC-TZ5_PNG_red_candle.png.ppm,5356.666666666667,134.66666666666666,2470265,True,430.2222222222222,1.5555555555555554,0,9437201,3.8203192774864236,3
DMC-TZ5_PNG_red_wall.png.ppm,5349.333333333333,134,2441372,True,105.55555555555556,20.666666666666668,0,9437201,3.8655317583719317,3
DMC-TZ5_PNG_reflector_1.png.ppm,2807,83.33333333333333,1206994,True,26,1.5555555555555556,0,6220817,5.1539750818976735,3
DMC-TZ5_PNG_reflector_2.png.ppm,5512.666666666667,127,2299808,True,113.55555555555556,44.666666666666664,0,9437201,4.103473420389876,3
DMC-TZ5_PNG_saddle.png.ppm,2671.3333333333335,73.66666666666667,1109238,True,156.2222222222222,0.888888888888889,0,6220817,5.608189586004086,3
DMC-TZ5_PNG_sere_leaves.png.ppm,5381.333333333333,137.33333333333334,2381567,True,72.22222222222223,44.22222222222222,0,9437201,3.9626015140451645,3
DMC-TZ5_PNG_sheep_wool.png.ppm,5280.333333333333,144,1861141,True,204.22222222222226,2.6666666666666665,0,9437201,5.070653432491144,3
DMC-TZ5_PNG_shrub.png.ppm,6044.666666666667,130.66666666666666,3081082,True,76.22222222222223,0.8888888888888888,0,9437201,3.0629502882428965,3
DMC-TZ5_PNG_sky.png.ppm,3349.6666666666665,116,1312041,True,16.222222222222225,62,0,9437201,7.192763793204633,3
DMC-TZ5_PNG_spade.png.ppm,5286.333333333333,137,2235084,True,94.8888888888889,2.6666666666666665,0,9437201,4.222302606971371,3
DMC-TZ5_PNG_spots.png.ppm,3853.6666666666665,135,1717321,True,17.555555555555557,98,0,9437201,5.495304022952028,3
DMC-TZ5_PNG_stain.png.ppm,5293.666666666667,151,2514014,True,44.22222222222223,2.6666666666666665,0,9437201,3.7538378863443085,3
DMC-TZ5_PNG_stewart_tartan.png.ppm,6294.666666666667,133.66666666666666,3406794,True,181.55555555555557,8.222222222222223,0,9437201,2.770112017339469,3
DMC-TZ5_PNG_stewart_tartan_2.png.ppm,6034.666666666667,125,3012397,True,89.55555555555556,8.666666666666666,0,9437201,3.132787942625092,3
DMC-TZ5_PNG_stitching.png.ppm,856.6666666666666,49,400190,True,80.8888888888889,26,0,3250384,8.122102001549264,3
DMC-TZ5_PNG_striped_cats.png.ppm,3074,99.33333333333333,916241,True,20.666666666666668,1.5555555555555556,0,7480721,8.164577878527593,3
DMC-TZ5_PNG_stroller.png.ppm,5361.333333333333,140.66666666666666,2329979,True,1.5555555555555556,3.555555555555556,0,9437201,4.050337363555637,3
DMC-TZ5_PNG_surface_1.png.ppm,3156.6666666666665,115.33333333333333,1915947,True,8.222222222222221,1.5555555555555556,0,9437201,4.925606501641225,3
DMC-TZ5_PNG_surface_2.png.ppm,1053,46.333333333333336,592568,True,98.66666666666667,8.222222222222221,0,2359312,3.9815042324256456,3
DMC-TZ5_PNG_surface_3.png.ppm,2961.6666666666665,107,1823073,True,29.555555555555557,4.666666666666667,0,9437201,5.176534894653149,3
DMC-TZ5_PNG_surface_4.png.ppm,1148.3333333333333,49.666666666666664,688843,True,27.555555555555554,2.888888888888889,0,2359312,3.425035893520004,3
DMC-TZ5_PNG_tiles_1.png.ppm,4115.666666666667,150,1669227,True,5.5555555555555545,40.666666666666664,0,9437201,5.653635485167685,3
DMC-TZ5_PNG_tiles_2.png.ppm,5772.333333333333,149.66666666666666,2617128,True,130.88888888888889,36.22222222222222,0,9437201,3.6059378830534845,3
DMC-TZ5_PNG_toys_1.png.ppm,1158.3333333333333,46,660569,True,70.22222222222221,32,0,2359312,3.571635968384832,3
DMC-TZ5_PNG_tulips_1.png.ppm,5708.666666666667,133.66666666666666,2404322,True,509.5555555555555,21.555555555555554,0,9437201,3.925098634875029,3
DMC-TZ5_PNG_tulips_2.png.ppm,5681.333333333333,137,2464422,True,20.22222222222222,18,0,9437201,3.829377030394957,3
DMC-TZ5_PNG_tulips_3.png.ppm,5172.666666666667,132.66666666666666,2019913,True,524.2222222222222,10.888888888888891,0,9437201,4.672082906541024,3
DMC-TZ5_PNG_vader.png.ppm,5674,136.66666666666666,2774097,True,244.66666666666666,66.88888888888889,0,9437201,3.401900149850564,3
DMC-TZ5_PNG_watch.png.ppm,15266,125,1853571,True,1012.6666666666666,14,0,11059217,5.966438296671668,3
DMC-TZ5_PNG_wood.png.ppm,282,31,153893,True,18.666666666666668,0,0,589839,3.8327864165361647,3
DMC-TZ5_PNG_wooden_box.png.ppm,5630.666666666667,137.33333333333334,1813069,True,1700.222222222222,80.88888888888889,0,9437201,5.205097544550152,3
DMC-TZ5_PNG_wooden_chekker_1.png.ppm,4089.3333333333335,118.66666666666667,1697666,True,66.88888888888889,14.222222222222221,0,9437201,5.558926785362963,3
DMC-TZ5_PNG_wooden_chekker_2.png.ppm,4137.333333333333,116.33333333333333,1557413,True,1.5555555555555556,20.22222222222222,0,11059217,7.1010175207218635,3
DMC-TZ5_PNG_wooden_ornament_1.png.ppm,314.3333333333333,33.666666666666664,163295,True,16.88888888888889,20.222222222222225,0,589839,3.6121069230533696,3
DMC-TZ5_PNG_wooden_ornament_2.png.ppm,6010,127,2815561,True,32,14,0,9437201,3.3518012928862135,3
DMC-TZ5_PNG_wooden_ornament_3.png.ppm,307.3333333333333,33,186025,True,96.88888888888887,14,0,589839,3.170751243112485,3
DMC-TZ5_PNG_wood_2.png.ppm,6116.333333333333,139,3120618,True,43.555555555555564,2,0,9437201,3.0241448969402858,3
DMC-TZ5_PNG_wood_cut.png.ppm,5505.666666666667,137.66666666666666,2632194,True,150.88888888888889,28.222222222222218,0,9437201,3.5852984240523305,3
DMC-TZ5_PNG_yellow_orchid.png.ppm,4474.666666666667,114.33333333333333,1886888,True,80.22222222222223,14.222222222222221,0,9437201,5.001463255900721,3
Science_PNG_06-1986-dibias-science-art-41.png.ppm,1678.3333333333333,63.333333333333336,734947,False,3.555555555555556,9.555555555555557,0,3102737,4.2217153073623,3
Science_PNG_2175x3075-ortho-green.png.ppm,8063,235.66666666666666,2525801,False,52.666666666666664,6.888888888888889,0,20048645,7.9375394181885275,3
Science_PNG_3047354.png.ppm,736.6666666666666,37.666666666666664,457661,False,94.8888888888889,0.888888888888889,0,1051215,2.2969293865983773,3
Science_PNG_3975590069_7d5e05207e_o.png.ppm,408.6666666666667,45.333333333333336,178029,False,6.222222222222221,0.888888888888889,0,1276815,7.17194951384325,3
Science_PNG_408px-Killersudoku_color.png.ppm,104.66666666666667,15.333333333333334,4161,False,10.888888888888888,0.2222222222222222,0,499407,120.02090843547224,3
Science_PNG_4249587213_e0b0f99bcc_o.png.ppm,496,48,189341,False,68.66666666666667,8.666666666666666,0,1276815,6.7434681342128755,3
Science_PNG_4506830830_243f2630fb_o.png.ppm,576,39.666666666666664,281395,False,98.66666666666667,17.555555555555557,0,1276815,4.537447360471934,3
Science_PNG_5colors.png.ppm,115.33333333333333,20,7000,False,2.888888888888889,0.6666666666666666,0,900915,128.70214285714286,3
Science_PNG_6061621.png.ppm,347.6666666666667,39,225991,False,244.2222222222222,16.666666666666668,0,744015,3.2922328765304814,3
Science_PNG_73755.png.ppm,1077.6666666666667,54,606284,False,20.22222222222222,0.6666666666666666,0,1920015,3.166857446345277,3
Science_PNG_800px-Solitaire_01.png.ppm,566.6666666666666,41.666666666666664,249617,False,171.55555555555557,10.888888888888891,0,1396815,5.595832815873919,3
Science_PNG_ACTIN.png.ppm,79,16.666666666666668,8639,False,2,1.5555555555555554,0,545679,63.16460238453525,3
Science_PNG_Alvarez_science_path.png.ppm,224.33333333333334,22,36856,False,4.222222222222222,4.666666666666667,0,695283,18.864852398523986,3
Science_PNG_apple-world-aquagraph-16074.png.ppm,653.6666666666666,53.666666666666664,82505,False,30.888888888888886,1.5555555555555554,0,3932177,47.659863038603724,3
Science_PNG_Art-Print-378-Purples-Reds-color-on-white.png.ppm,417.3333333333333,35.666666666666664,118104,False,38.88888888888889,3.5555555555555554,0,1267515,10.732193659825239,3
Science_PNG_article-0-0B9771B500000578-590_634x418.png.ppm,263.6666666666667,33.333333333333336,110408,False,88.22222222222221,16.222222222222225,0,795051,7.201027099485544,3
Science_PNG_artifacts-6.png.ppm,235,29,129275,False,4.666666666666667,0.6666666666666666,0,462939,3.581040417714175,3
Science_PNG_b001793kf7.png.ppm,308.3333333333333,26.666666666666668,58300,False,193.55555555555554,0.8888888888888888,0,1444815,24.782418524871353,3
Science_PNG_b001793kf8.png.ppm,197,21.666666666666668,22023,False,12.666666666666666,2.8888888888888893,0,1209615,54.92507832720338,3
Science_PNG_benzene-homo-glsl-xray-cryos.png.ppm,314,33,68035,False,8.666666666666666,0.6666666666666666,0,1196535,17.58705078268538,3
Science_PNG_benzene-homo-glsl-xray1.png.ppm,364.6666666666667,39.666666666666664,128983,False,89.55555555555554,27.555555555555557,0,1196535,9.276687625501035,3
Science_PNG_Best-Science-Images-2007-I-science-news-653287_461_615.png.ppm,273,36,98040,False,164.66666666666666,12.666666666666666,0,847335,8.642747858017136,3
Science_PNG_Best-Science-Images-2007-II-science-news-653313_461_404.png.ppm,294,34.333333333333336,180500,False,8.666666666666666,9.555555555555557,0,557535,3.088836565096953,3
Science_PNG_Blood-Sucking-Moths-science-news-2696550-468-258.png.ppm,117.66666666666667,25.666666666666668,51278,False,0.888888888888889,0.22222222222222224,0,362247,7.064374585592262,3
"Science_PNG_C0017942-Normal_brain,_3D_CT_scan-SPL.png.ppm",336,38.666666666666664,144579,False,8.666666666666666,10.888888888888891,0,786447,5.4395659120619175,3
Science_PNG_chapm-natphot-sug2.png.ppm,8050.666666666667,236,3004927,False,27.555555555555557,12.666666666666666,0,26099537,8.685581047393164,3
Science_PNG_circuit-board.png.ppm,986.3333333333334,51,454305,False,21.555555555555554,16.666666666666668,0,2229039,4.906481328622841,3
Science_PNG_clockwork-4.png.ppm,301.3333333333333,27,205487,False,38.22222222222222,2,0,535263,2.6048509151430506,3
Science_PNG_computer-science-ultimate.png.ppm,705,46.333333333333336,419854,False,74,14.222222222222223,0,1242015,2.9582069004939813,3
Science_PNG_computerized-tomography-us-heatmap.png.ppm,258.3333333333333,29.666666666666668,61070,False,180.2222222222222,1.5555555555555554,0,999615,16.3683477976093,3
Science_PNG_computer_science2.png.ppm,9470.333333333334,336.6666666666667,2176171,False,133.55555555555557,4.222222222222222,0,23970833,11.015142192410432,3
Science_PNG_convert-pdf-to-bmp.png.ppm,104.66666666666667,18,22673,False,9.555555555555555,0,0,516015,22.759008512327437,3
Science_PNG_Cosmology_NEP.png.ppm,225.33333333333334,23.666666666666668,115607,False,4.222222222222222,1.5555555555555554,0,890895,7.706237511569369,3
Science_PNG_cov-journal-science-prev2-med.png.ppm,93.66666666666667,18,44698,False,0.2222222222222222,0,0,363615,8.134927737258938,3
Science_PNG_dc7b126a-20f9-4569-bfd4-ce10defa335d_1.png.ppm,218,28.666666666666668,110947,False,6,10.888888888888891,0,518415,4.672636484086996,3
Science_PNG_detroit20science20center-full.png.ppm,265.3333333333333,30,79522,False,86.22222222222221,2,0,857751,10.786335856744046,3
Science_PNG_en-14-ehr-comment-numeric-medical-document.png.ppm,605.3333333333334,36.666666666666664,184505,False,314.88888888888886,0.888888888888889,0,2022016,10.95913931871765,3
Science_PNG_F1_large.png.ppm,1925.3333333333333,65.66666666666667,912699,False,66.88888888888889,6.888888888888888,0,3800741,4.164287459501983,3
Science_PNG_F1_medium.png.ppm,155,21,87140,False,14,4.666666666666667,0,538575,6.180571494147349,3
Science_PNG_F6_medium.png.ppm,67,15.333333333333334,12651,False,2.6666666666666665,0.888888888888889,0,337935,26.71211761916054,3
Science_PNG_fig15.png.ppm,91.33333333333333,17,12726,False,3.555555555555556,0.6666666666666666,0,433527,34.066242338519565,3
Science_PNG_fig2_howe.pg47.png.ppm,123.66666666666667,23,30022,False,4.222222222222222,2.6666666666666665,0,449607,14.975917660382386,3
Science_PNG_fusion-pet-mri-ct-2.png.ppm,154.33333333333334,26,56275,False,6.222222222222222,6,0,453015,8.050022212350067,3
Science_PNG_ga-high-10.png.ppm,151,19.666666666666668,20343,False,8.666666666666666,0.8888888888888888,0,637575,31.34124760359829,3
Science_PNG_g_black_hole.png.ppm,60.333333333333336,15,7018,False,1.5555555555555554,0.6666666666666666,0,293151,41.77130236534625,3
Science_PNG_high-frequency-mobile-x-ray-camera.png.ppm,140,25.666666666666668,75100,False,0.6666666666666666,1.5555555555555556,0,300015,3.9948735019973367,3
Science_PNG_hyades_mosaic.png.ppm,103,20,43487,False,12.666666666666666,8,0,610215,14.032124542966864,3
Science_PNG_hyades_mosaic_color.png.ppm,125.66666666666667,19.333333333333332,56257,False,14.888888888888888,0.22222222222222224,0,610215,10.846916828128055,3
Science_PNG_hyades_n.png.ppm,135.33333333333334,21.666666666666668,33791,False,67.55555555555556,1.5555555555555554,0,714015,21.130330561392086,3
Science_PNG_I-love-science1024x768.png.ppm,422,32.333333333333336,115396,False,2.6666666666666665,6.888888888888888,0,2359312,20.445353391798676,3
Science_PNG_img41.png.ppm,147.33333333333334,20,14344,False,0.22222222222222224,0.6666666666666666,0,855915,59.670593976575574,3
Science_PNG_img_aboutUS.png.ppm,91.33333333333333,19.666666666666668,48012,False,0.2222222222222222,0.22222222222222224,0,151335,3.1520244938765307,3
Science_PNG_inline-graphic-1.png.ppm,145.66666666666666,18.666666666666668,79098,False,1.5555555555555554,0.22222222222222224,0,580815,7.342979594932868,3
Science_PNG_institute_of_cognitive_science_osnabrueck_0_standard.png.ppm,156.66666666666666,25.333333333333332,58806,False,1.5555555555555556,2.8888888888888893,0,375963,6.393276196306499,3
Science_PNG_InVivoTarget1.png.ppm,161,21.333333333333332,37874,False,84.66666666666667,0.22222222222222224,0,945351,24.960421397264614,3
Science_PNG_jones_street.png.ppm,186,29,110765,False,8.666666666666666,0.6666666666666666,0,268071,2.4201778540152574,3
Science_PNG_jones_street_2.png.ppm,258.6666666666667,31,174921,False,134.88888888888889,0,0,417399,2.3862143481914693,3
Science_PNG_josephs_coat_of_many_colours-dennis_brown-joe_gibbs-jgml-6008a.png.ppm,799,44,429754,False,194,4.666666666666667,0,1478415,3.44014250012798,3
Science_PNG_laser_scanning_tomography.png.ppm,121.66666666666667,24.666666666666668,40094,False,6.222222222222221,2.8888888888888893,0,326175,8.135257145707588,3
Science_PNG_life_science.png.ppm,123.33333333333333,23.666666666666668,24782,False,0.2222222222222222,0.8888888888888888,0,440451,17.773020740860304,3
Science_PNG_logo-pflegetag-gross-rgb-bmp.png.ppm,719.6666666666666,54,180761,False,9.555555555555555,4.666666666666667,0,3142816,17.386582282682657,3
Science_PNG_logo.BMP.png.ppm,113.66666666666667,19.333333333333332,1248,False,0.2222222222222222,0.22222222222222224,0,921615,738.4735576923077,3
Science_PNG_M0025_kappaxray_error.png.ppm,180.33333333333334,25,98520,False,0.8888888888888888,2,0,726663,7.375791717417783,3
Science_PNG_M2100102-Colour_SPECT_scan_of_brain_during_migraine_attack-SPL.png.ppm,371.3333333333333,34.666666666666664,169082,False,20.222222222222225,20.222222222222225,0,763215,4.513874924592801,3
Science_PNG_M2400146-False-colour_CT_scan_of_a_head_showing_nasal_polyp-SPL.png.ppm,320,33.666666666666664,199562,False,18,14.222222222222223,0,610575,3.059575470279913,3
Science_PNG_mad-scientist-clipart.png.ppm,102,18.333333333333332,5541,False,8.666666666666666,0.22222222222222224,0,755595,136.36437466161343,3
Science_PNG_medical2.png.ppm,137.66666666666666,27.333333333333332,58993,False,76.22222222222221,0.22222222222222224,0,273855,4.642160934348143,3
Science_PNG_MICFig-121.png.ppm,82.66666666666667,17,15094,False,16.88888888888889,0.6666666666666666,0,416379,27.58572942891215,3
Science_PNG_MICFig-122.png.ppm,131.33333333333334,20.333333333333332,28976,False,13.555555555555555,0.22222222222222224,0,621123,21.435774434014355,3
Science_PNG_Micromega-science-news-653372_1280_960.png.ppm,1470,56.666666666666664,694763,False,108.66666666666667,48.22222222222223,0,3686416,5.306005069354586,3
Science_PNG_Microscopic_Images_3.png.ppm,234.66666666666666,30,148043,False,4.222222222222222,2.6666666666666665,0,467727,3.1593996338901533,3
Science_PNG_MITP_USA_2008DEC_tomography_IDV_western_US_2_isosurfaces_planView_300km.png.ppm,599.6666666666666,36,195662,False,14.222222222222221,0.6666666666666666,0,2429343,12.416018439962793,3
Science_PNG_ncat_fig7.8.png.ppm,248.33333333333334,24.333333333333332,19777,False,156.22222222222223,1.5555555555555554,0,1734015,87.67836375587804,3
Science_PNG_New-Science.png.ppm,1213.6666666666667,58,432444,False,8.222222222222223,4.666666666666667,0,3145745,7.274340723885636,3
Science_PNG_nqueens.png.ppm,30,12.333333333333334,1293,False,0,0.2222222222222222,0,178611,138.13689095127611,3
Science_PNG_observatory.png.ppm,320,40.333333333333336,204548,False,52.666666666666664,0.22222222222222224,0,552039,2.6988237479711366,3
Science_PNG_p-radiologist-art1_1467422c.png.ppm,202.66666666666666,26,129576,False,6.222222222222222,0,0,397455,3.06735043526579,3
Science_PNG_PetHoerr.png.ppm,789.6666666666666,48.333333333333336,278408,False,24.888888888888886,0.22222222222222224,0,2753824,9.891324961926381,3
Science_PNG_physics.png.ppm,472.6666666666667,39,186177,False,73.55555555555556,24.666666666666668,0,1297419,6.96873942538552,3
Science_PNG_PLOSMapOfScience.png.ppm,1323.6666666666667,53.333333333333336,673685,False,42.888888888888886,1.5555555555555554,0,2856016,4.239393781960412,3
Science_PNG_Portal_2_Potatoe_Science_Kit.png.ppm,161.66666666666666,19.666666666666668,57173,False,10.888888888888891,3.555555555555556,0,752415,13.160320430972662,3
Science_PNG_PP_Medical_Dispenser.png.ppm,512.3333333333334,41.333333333333336,112303,False,54.88888888888889,20.222222222222225,0,2764816,24.619253270170876,3
Science_PNG_PP_Skull.png.ppm,835.3333333333334,56.666666666666664,299508,False,110.8888888888889,22.222222222222225,0,2764816,9.231192489015319,3
Science_PNG_Projekt.png.ppm,62.333333333333336,16,8432,False,0.888888888888889,0,0,358719,42.54257590132827,3
Science_PNG_RainbowRoad-double-150.png.ppm,3321.6666666666665,104,1500037,False,6.222222222222221,6,0,6517457,4.344864160017386,3
Science_PNG_RAY-COLOR-3D_1328655128.png.ppm,5547.333333333333,90.33333333333333,792629,False,81.55555555555556,16.22222222222222,0,6912017,8.720368545687831,3
Science_PNG_rumpelklas.png.ppm,320,34.666666666666664,196870,False,40.666666666666664,17.555555555555557,0,629007,3.1950373342815057,3
Science_PNG_RXJ0852-46X.png.ppm,200,23.333333333333332,44395,False,2,2.8888888888888893,0,900015,20.272891091339115,3
Science_PNG_RXJ0852-46_radio.png.ppm,130.66666666666666,21.333333333333332,33815,False,16.88888888888889,0.8888888888888888,0,709575,20.98403075558184,3
Science_PNG_RX_J0852-4622HESS.png.ppm,201.33333333333334,32.333333333333336,98253,False,6.222222222222222,16.222222222222225,0,445275,4.5319226893835305,3
Science_PNG_scheimpflug-cameras-for-anterior-segment-tomography-cornea-and-anterior-chamber-422700.png.ppm,141,27,69563,False,0.6666666666666666,2,0,270015,3.881589350660552,3
Science_PNG_science-driver-projekt_cu5818.png.ppm,872.3333333333334,48.333333333333336,755566,False,0.888888888888889,9.555555555555555,0,1267515,1.677570192412046,3
Science_PNG_science-fair-project-forum-ad.png.ppm,55.666666666666664,16,15270,False,0.888888888888889,0.6666666666666666,0,233535,15.293713163064833,3
Science_PNG_science-ie1024x768.png.ppm,823.6666666666666,61,297909,False,43.555555555555564,188.66666666666666,0,2359312,7.919572755438741,3
Science_PNG_science-papas-team.png.ppm,143.33333333333334,21,83162,False,2.8888888888888893,8.666666666666666,0,531447,6.390502873908757,3
Science_PNG_science-tweeps-influence-090422.png.ppm,672.6666666666666,53,196148,False,166.88888888888889,8,0,3056848,15.584395456492036,3
Science_PNG_science.png.ppm,362.3333333333333,35.333333333333336,136988,False,60.22222222222223,2.888888888888889,0,1094823,7.992108797850906,3
Science_PNG_ScienceWeek2010_03.png.ppm,69,17,5944,False,6,0.6666666666666666,0,489015,82.27035666218035,3
Science_PNG_Science_Busters_for_Kids_one_col.png.ppm,384,39,172025,False,84.66666666666667,2.6666666666666665,0,908223,5.279598895509373,3
Science_PNG_science_fiction_14.png.ppm,1090,55.666666666666664,627010,False,16.666666666666668,1.5555555555555554,0,2359312,3.7627980414985407,3
Science_PNG_science_fiction_18.png.ppm,930.6666666666666,51.333333333333336,343707,False,14.888888888888888,1.5555555555555554,0,2359312,6.86431175390667,3
Science_PNG_science_fiction_7.png.ppm,2927,93,1177646,False,6,2.6666666666666665,0,5760017,4.891127724290661,3
Science_PNG_science_fiction_9.png.ppm,2722,93.33333333333333,1083177,False,2.6666666666666665,6.888888888888888,0,5760017,5.317706155134387,3
Science_PNG_science_process_diagram_big.png.ppm,418.3333333333333,29,69560,False,2.888888888888889,2,0,2040015,29.327415181138587,3
Science_PNG_Science_Slam.png.ppm,656.6666666666666,43.666666666666664,250611,False,38.88888888888889,22.88888888888889,0,1358415,5.420412511821109,3
Science_PNG_science_slam_mai_1330963836.png.ppm,1914.6666666666667,80.33333333333333,725884,False,38.888888888888886,43.555555555555564,0,5319617,7.328467082894788,3
Science_PNG_science_teacher.png.ppm,142,27.666666666666668,58779,False,112.66666666666667,0.8888888888888888,0,317115,5.39503904455673,3
Science_PNG_science_teacher_2.png.ppm,107.66666666666667,19.333333333333332,5551,False,10.888888888888888,0.22222222222222224,0,820275,147.77067195099983,3
Science_PNG_science_thunder.png.ppm,181.66666666666666,20.333333333333332,34330,False,8.222222222222223,0.22222222222222224,0,905919,26.38855228662977,3
Science_PNG_Science_Wraps_2010.png.ppm,370.3333333333333,33,102593,False,0.22222222222222224,4.666666666666667,0,2231631,21.75227354692815,3
Science_PNG_sessa_fig3.png.ppm,136.33333333333334,19.333333333333332,28889,False,8.222222222222223,0.22222222222222224,0,720267,24.932223337602547,3
Science_PNG_Spectroscopic_mapping_speeds_of_the_SPICA_far-IR-instrument.png.ppm,1214.6666666666667,49.666666666666664,614925,False,53.55555555555555,16.88888888888889,0,2348572,3.8192820262633655,3
Science_PNG_spree_250.png.ppm,878,45.666666666666664,208922,False,80.66666666666667,0.22222222222222224,0,3846977,18.41346052593791,3
Science_PNG_ss433_natural_colour.png.ppm,482.3333333333333,41,8659,False,152.88888888888889,0.6666666666666666,0,3967517,458.1957500866151,3
Science_PNG_stadtplan-california-academy-of-science-1.png.ppm,282.6666666666667,27,96173,False,26.88888888888889,2,0,1591215,16.545340168238486,3
Science_PNG_stadtplan-museum-of-science-industry-1.png.ppm,316.3333333333333,25,114729,False,6.222222222222221,0,0,1591215,13.869335564678503,3
Science_PNG_sub-4.png.ppm,9131.666666666666,250,1434810,False,2264.8888888888887,8.666666666666666,0,27000017,18.81783441710052,3
Science_PNG_SUFig-56.png.ppm,84.66666666666667,19,9399,False,0.888888888888889,4.666666666666667,0,478647,50.9253112033195,3
Science_PNG_SUFig-57.png.ppm,144.66666666666666,18.333333333333332,18652,False,6.888888888888889,0.22222222222222224,0,668367,35.833529916362856,3
Science_PNG_TNCCA.png.ppm,55.666666666666664,15.333333333333334,4409,False,1.5555555555555554,0.888888888888889,0,380175,86.22703560898162,3
Science_PNG_tomography-1-PN1.png.ppm,75,17.666666666666668,13712,False,0.6666666666666666,0.22222222222222224,0,268515,19.582482497082847,3
Science_PNG_TpyCoS-HOMO-glsl.png.ppm,354.6666666666667,36.333333333333336,115978,False,80.88888888888887,6.888888888888889,0,1196535,10.316913552570314,3
Science_PNG_truck_01.png.ppm,137.66666666666666,26.333333333333332,55521,False,1.5555555555555554,1.5555555555555556,0,397311,7.156049062516885,3
Science_PNG_tutorial001.png.ppm,127.33333333333333,25,57841,False,16.22222222222222,2,0,273195,4.723206721875486,3
Science_PNG_tutorial010.png.ppm,130,24.333333333333332,38129,False,0,0.8888888888888888,0,525015,13.769440583283066,3
Science_PNG_Vela_frs.png.ppm,94.66666666666667,17.666666666666668,26149,False,0.888888888888889,0.22222222222222224,0,465723,17.810356036559714,3
Science_PNG_Vela_Jr.png.ppm,141.66666666666666,19.666666666666668,30853,False,22.888888888888886,0.8888888888888888,0,758895,24.597121835802028,3
Science_PNG_vela_jr_rosat.png.ppm,100.33333333333333,19.666666666666668,46568,False,2.8888888888888893,2.8888888888888893,0,482415,10.359366947259922,3
Science_PNG_WFCAM_JHK_colour-composite_image.png.ppm,996.3333333333334,48.333333333333336,519519,False,21.555555555555554,0.888888888888889,0,1687515,3.2482257626766295,3
Science_PNG_WOBIB_140.png.ppm,81.66666666666667,18.333333333333332,7977,False,1.5555555555555556,0.22222222222222224,0,519183,65.0849943587815,3
Science_PNG_xspecs4_main.png.ppm,709.3333333333334,38.666666666666664,461907,False,97.55555555555556,0.888888888888889,0,1236507,2.6769609466840727,3
Science_PNG_Yang.png.ppm,463.3333333333333,38,197586,False,36.22222222222222,8,0,1617424,8.18592410393449,3
Science_PNG_zebrafisch.png.ppm,351.6666666666667,35.666666666666664,173117,False,110.88888888888887,20.222222222222225,0,713871,4.123633149835083,3
Science_PNG_Zweiter_Paderborner_Science_Slam_Poster.png.ppm,4444.333333333333,159.33333333333334,1386392,False,14.888888888888888,9.555555555555555,0,13187681,9.512231028453712,3
